Grid,o1_15,o2_15,o3_15,o4_15,o5_15,o6_15,o7_15,o8_15,o1_21,o2_21,o3_21,o4_21,o5_21,o6_21,o7_21,o8_21,elevation,treecover,strmden,housden,prey_count
483,0,0,0,0,0,0,0,0,0,0,0,0,0,NA,NA,NA,1609.580322,0.991165996,3.683586121,2.440000057,44
414,0,0,0,0,0,0,0,0,NA,NA,NA,NA,NA,NA,NA,NA,1701.363403,0.997250378,3.619796276,3.440000057,0
481,0,0,0,0,0,0,0,0,NA,NA,NA,NA,NA,NA,NA,NA,904.6730957,0.930987537,4.422840595,71.80000305,0
684,0,0,0,0,0,NA,NA,NA,0,0,0,0,0,0,NA,NA,1645.883057,0.988172948,4.397560596,72.87999725,12
683,0,0,0,0,0,NA,NA,NA,0,0,0,2,0,0,NA,NA,1276.114868,0.967962086,4.522313118,124.6399994,35
551,0,0,0,0,0,NA,NA,NA,0,0,0,0,0,0,0,0,2883.88623,0.952229142,3.847793579,0.800000012,1
759,0,0,0,0,0,0,NA,NA,0,0,0,0,0,0,NA,NA,3289.834961,0.840886772,3.056153059,0.159999996,1
755,0,0,0,0,0,0,0,NA,0,0,0,0,0,NA,NA,NA,2577.222656,0.997831762,4.160216331,0.319999993,1
761,0,0,0,0,0,0,0,0,0,0,0,0,0,0,0,0,3511.989502,0.94417578,3.748383522,0.039999999,9
688,0,0,NA,NA,NA,NA,NA,NA,0,0,0,0,0,0,0,0,2186.858398,0.997194827,4.169216156,1.080000043,52
756,0,0,0,0,0,0,0,NA,0,0,0,0,0,0,0,0,2186.858398,0.997194827,4.298103809,1.080000043,52
757,0,0,0,0,0,0,0,NA,NA,NA,NA,NA,NA,NA,NA,NA,2708.428467,0.990812957,4.298103809,0.119999997,52
618,0,0,0,0,0,0,2,0,0,0,0,0,0,0,NA,NA,2167.187012,0.995281875,3.96732688,2.440000057,10
689,2,0,0,0,0,0,0,0,0,0,0,0,0,NA,NA,NA,2047.570313,0.987082481,4.163062572,6.159999847,65
690,0,0,0,0,0,0,0,0,0,0,0,0,0,NA,NA,NA,2889.923096,0.978328407,3.561896086,0.280000001,11
758,0,0,0,0,0,0,0,0,0,0,0,0,0,0,NA,NA,2889.923096,0.978328407,3.619263411,0.280000001,11
691,0,0,0,0,0,0,0,NA,0,0,0,0,0,NA,NA,NA,2544.26123,0.995666981,4.170924187,1.039999962,12
891,0,0,0,0,0,NA,NA,NA,0,0,0,0,0,NA,NA,NA,3194.432617,0.87209022,4.634067059,1.159999967,2
959,0,0,0,0,0,NA,NA,NA,NA,NA,NA,NA,NA,NA,NA,NA,3576.290039,0.840219736,3.747082472,2,2
960,0,NA,NA,NA,NA,NA,NA,NA,NA,NA,NA,NA,NA,NA,NA,NA,3859.275391,0.5597651,3.870199442,5.320000172,0
962,0,0,NA,NA,NA,NA,NA,NA,0,0,1,0,0,NA,NA,NA,3744.74707,0.654296279,3.76900363,0.400000006,NA
826,0,0,0,0,0,NA,NA,NA,0,0,0,0,0,0,0,NA,3487.333984,0.740279853,3.619263411,1.24000001,NA
894,0,0,0,NA,NA,NA,NA,NA,0,0,0,0,0,0,NA,NA,3116.055176,0.903806627,3.767169952,8.399999619,NA
895,0,0,0,0,NA,NA,NA,NA,0,0,0,0,0,0,NA,NA,3424.994873,0.907369614,3.767169952,4.920000076,0
963,0,0,0,0,0,0,0,NA,NA,NA,NA,NA,NA,NA,NA,NA,3424.994873,0.907369614,3.767169952,4.920000076,0
1030,0,0,0,0,0,0,NA,NA,NA,NA,NA,NA,NA,NA,NA,NA,3744.74707,0.654296279,3.901379108,0.400000006,NA
1167,0,0,0,0,0,NA,NA,NA,NA,NA,NA,NA,NA,NA,NA,NA,3927.068359,0.463076651,3.748008728,0.400000006,1
1098,0,0,0,0,0,NA,NA,NA,0,0,0,0,0,0,NA,NA,3280.058594,0.670300364,3.666228294,35.24000168,6
1099,0,NA,NA,NA,NA,NA,NA,NA,0,0,0,0,0,0,NA,NA,3280.058594,0.670300364,4.196643353,35.24000168,6
1100,0,0,0,0,NA,NA,NA,NA,0,0,0,0,0,0,NA,NA,3381.650146,0.90449661,3.450977564,0.479999989,3
1032,0,0,2,0,0,0,0,NA,0,0,0,0,0,0,0,0,3437.732666,0.775146008,3.897197962,23.87999916,2
965,0,0,0,0,0,NA,NA,NA,0,0,0,0,0,0,NA,NA,3472.563477,0.898246348,4.313510418,2.279999971,0
897,0,0,0,0,0,NA,NA,NA,0,0,0,0,0,NA,NA,NA,3472.563477,0.898246348,3.439368963,2.279999971,0
896,0,0,0,0,0,NA,NA,NA,NA,NA,NA,NA,NA,NA,NA,NA,3577.345947,0.938347995,4.850063801,2.640000105,2
898,0,0,0,0,0,NA,NA,NA,0,0,0,0,0,0,NA,NA,3411.233398,0.93523109,3.792900324,2.160000086,0
899,0,0,0,0,0,NA,NA,NA,0,0,0,0,0,0,0,0,3193.732178,0.953108251,3.64454484,2.839999914,9
831,0,0,0,0,0,NA,NA,NA,0,0,0,0,NA,NA,NA,NA,3193.732178,0.953108251,3.64454484,2.839999914,0
1239,1,1,0,0,0,NA,NA,NA,0,0,0,0,0,0,0,0,3244.44751,0.866551042,3.72937274,2.440000057,5
1306,0,0,0,0,0,0,NA,NA,1,0,0,0,0,0,NA,NA,3745.364502,0.634869337,3.72937274,0.560000002,NA
1238,1,3,0,1,NA,NA,NA,NA,0,0,0,0,0,0,0,0,3119.621826,0.901368439,4.372797489,12.92000008,11
1169,0,0,1,0,0,NA,NA,NA,0,0,0,0,0,0,0,0,2822.694092,0.585465491,3.587110043,91.40000153,7
830,0,0,0,0,0,NA,NA,NA,0,0,0,0,0,0,0,0,3411.233398,0.93523109,3.792900324,2.160000086,2
1235,0,0,0,NA,NA,NA,NA,NA,0,0,0,0,0,NA,NA,NA,3615.132568,0.733831048,3.960308075,0.039999999,1
1236,0,0,0,NA,NA,NA,NA,NA,0,0,0,0,0,NA,NA,NA,3128.213867,0.801985264,3.630257607,11.52000046,3
1304,0,0,0,NA,NA,NA,NA,NA,0,0,0,0,0,NA,NA,NA,3128.213867,0.801985264,4.152416706,11.52000046,3
1237,0,NA,NA,NA,NA,NA,NA,NA,0,0,0,0,0,NA,NA,NA,4206.742188,NA,3.831598759,0.920000017,NA
1303,0,0,0,NA,NA,NA,NA,NA,0,0,0,0,0,NA,NA,NA,3387.587891,0.866806746,3.799560547,8.079999924,10
1370,0,NA,NA,NA,NA,NA,NA,NA,NA,NA,NA,NA,NA,NA,NA,NA,3387.587891,0.866806746,3.799560547,8.079999924,10
1371,0,NA,NA,NA,NA,NA,NA,NA,1,0,0,0,0,NA,NA,NA,3782.695313,0.520120919,3.954632998,1.120000005,4
1372,0,0,2,NA,NA,NA,NA,NA,0,0,1,0,0,NA,NA,NA,3782.695313,0.520120919,3.954632998,1.120000005,4
1307,0,0,0,NA,NA,NA,NA,NA,NA,NA,NA,NA,NA,NA,NA,NA,3745.364502,0.634869337,4.149604797,0.560000002,NA
1377,1,3,3,2,NA,NA,NA,NA,0,0,0,0,0,NA,NA,NA,4472.642578,NA,3.891328812,0.280000001,4
1376,0,0,0,0,NA,NA,NA,NA,2,0,0,0,NA,NA,NA,NA,4178.272461,0.390595913,4.047006607,0.319999993,0
1308,0,0,0,0,NA,NA,NA,NA,0,0,0,0,0,0,0,0,4351.481934,0.200634092,4.047006607,0.439999998,0
1446,1,1,NA,NA,NA,NA,NA,NA,0,0,0,0,0,NA,NA,NA,3074.484131,0.978944361,4.378163338,0,5
1514,0,0,0,0,0,NA,NA,NA,0,0,0,0,0,NA,NA,NA,4106.19873,NA,3.93244195,4.079999924,NA
1378,2,0,0,NA,NA,NA,NA,NA,0,0,1,NA,NA,NA,NA,NA,3218.083496,0.973151207,4.28443861,22.12000084,16
1379,0,0,1,0,NA,NA,NA,NA,0,0,0,0,0,0,NA,NA,2818.510986,0.980820596,4.355492115,0.079999998,58
1380,0,0,0,0,0,0,0,NA,0,0,0,0,0,0,NA,NA,2328.26416,0.979272425,4.130152702,0.200000003,0
1652,0,1,3,3,3,0,1,0,NA,NA,NA,NA,NA,NA,NA,NA,2635.314453,0.935431719,4.642543316,16.07999992,9
1719,0,0,1,1,0,0,NA,NA,1,0,1,0,0,NA,NA,NA,2664.041504,0.910307765,4.564050198,20.95999908,20
1787,0,0,0,0,0,0,NA,NA,NA,NA,NA,NA,NA,NA,NA,NA,3627.900879,0.745247006,4.131503582,14.11999989,1
1856,0,0,0,0,NA,NA,NA,NA,0,1,1,1,0,NA,NA,NA,3910.039551,0.822287083,3.482738733,0.079999998,0
1924,0,0,0,0,0,NA,NA,NA,0,0,0,0,0,0,0,NA,3910.039551,0.822287083,3.726061583,0.079999998,0
1991,0,0,0,0,0,NA,NA,NA,0,0,0,0,NA,NA,NA,NA,4455.20459,NA,3.759859085,0.400000006,NA
1992,0,0,NA,NA,NA,NA,NA,NA,NA,NA,NA,NA,NA,NA,NA,NA,3823.585693,0.762394249,3.707121372,0.639999986,0
1586,0,0,0,NA,NA,NA,NA,NA,NA,NA,NA,NA,NA,NA,NA,NA,3513.631836,0.915503025,3.926787138,0.479999989,0
1519,0,1,0,0,NA,NA,NA,NA,NA,NA,NA,NA,NA,NA,NA,NA,3133.415283,0.987570286,4.520014763,0.319999993,0
1520,0,0,0,0,NA,NA,NA,NA,NA,NA,NA,NA,NA,NA,NA,NA,2072.787109,0.971417964,4.674154758,7.199999809,43
1521,0,0,0,NA,NA,NA,NA,NA,NA,NA,NA,NA,NA,NA,NA,NA,2027.934082,0.985384166,3.892490149,0.319999993,11
1589,0,0,0,0,NA,NA,NA,NA,0,0,0,0,0,NA,NA,NA,2771.098633,0.978949368,3.99990344,0.039999999,5
1454,0,0,0,0,0,0,0,0,0,0,0,0,0,NA,NA,NA,3376.032471,0.890882432,3.389638186,0,16
1590,0,0,0,0,NA,NA,NA,NA,NA,NA,NA,NA,NA,NA,NA,NA,2742.599609,0.945106924,3.950531483,0.079999998,5
1726,0,0,0,0,0,0,0,0,NA,NA,NA,NA,NA,NA,NA,NA,2948.610107,0.906568527,4.379908562,1.120000005,5
901,0,0,0,0,0,0,0,0,0,0,0,0,0,0,0,0,2765.954102,0.767643452,3.627569199,33.04000092,3
834,0,0,0,0,0,NA,NA,NA,0,0,0,NA,NA,NA,NA,NA,4023.016113,0.386944562,3.855310917,0.400000006,0
903,0,NA,NA,NA,NA,NA,NA,NA,0,2,1,0,0,NA,NA,NA,3878.348145,0.510281742,3.830058098,1.960000038,0
902,0,0,0,0,0,0,0,NA,1,0,0,0,0,NA,NA,NA,3878.348145,0.510281742,3.564981222,1.960000038,0
971,0,NA,NA,NA,NA,NA,NA,NA,NA,NA,NA,NA,NA,NA,NA,NA,3550.02417,0.739101052,3.653863907,5.800000191,NA
970,0,0,0,0,0,0,NA,NA,0,0,0,0,0,NA,NA,NA,3274.619385,0.846854031,3.82617569,12,0
1243,0,0,0,0,0,0,NA,NA,0,0,0,0,0,0,0,0,3141.408447,0.975019872,3.916319609,3.039999962,2
1311,0,1,0,0,0,0,1,1,0,0,0,0,0,0,NA,NA,3083.648926,0.920542121,3.906919003,93.04000092,1
1310,0,0,0,0,0,0,1,0,0,0,0,0,0,NA,NA,NA,3029.105469,0.958539546,4.164239407,37.27999878,19
1309,1,1,1,1,NA,NA,NA,NA,0,0,0,0,0,0,NA,NA,3776.185303,0.797763169,3.817050219,0.319999993,1
1241,0,0,0,0,1,0,0,2,0,0,0,0,0,0,0,0,3755.802246,0.858882368,3.616690397,1.480000019,0
1240,0,0,0,0,NA,NA,NA,NA,0,0,0,0,0,0,0,0,3914.54541,0.636965454,3.908998013,0.600000024,1
1171,0,0,0,0,0,0,0,0,0,0,0,0,0,0,0,0,3914.54541,0.636965454,3.908998013,0.600000024,1
1172,0,0,0,0,0,0,2,0,0,1,0,1,0,NA,NA,NA,3189.182129,0.896977186,3.908998013,13.76000023,16
1173,0,0,0,0,0,2,0,0,NA,NA,NA,NA,NA,NA,NA,NA,3507.481934,0.884987056,3.976447582,11.03999996,6
1036,0,0,0,0,0,0,0,0,0,0,0,0,0,0,0,0,3051.768311,0.929366231,4.140717506,18.15999985,4
704,1,0,0,0,0,0,0,0,NA,NA,NA,NA,NA,NA,NA,NA,2115.166748,0.985855103,3.934654951,3.75999999,0
705,0,0,0,0,0,0,0,0,0,0,0,0,0,0,NA,NA,2115.166748,0.985855103,3.934654951,3.75999999,0
783,0,0,0,0,0,0,0,0,0,0,0,0,0,NA,NA,NA,2498.649902,0.999294758,3.275098801,0.239999995,57
772,0,0,0,0,0,0,0,0,0,0,0,0,0,0,NA,NA,2115.166748,0.985855103,3.807413578,3.75999999,0
840,0,0,0,0,0,0,0,0,0,0,0,0,0,0,NA,NA,1548.775757,0.985056758,4.060839653,1.120000005,0
839,0,0,0,0,0,0,0,0,0,0,NA,NA,NA,NA,NA,NA,2025.383057,0.999359548,4.117815018,0.400000006,27
773,0,0,0,0,0,0,0,0,0,0,0,0,0,0,0,0,1705.085327,0.980131269,3.918758631,3.880000114,0
907,0,0,NA,NA,NA,NA,NA,NA,0,0,0,0,0,0,NA,NA,1752.651855,0.963207781,4.458088398,10.68000031,5
974,0,0,0,0,0,0,NA,NA,0,0,0,0,0,NA,NA,NA,2140.479492,0.978858471,4.117845535,7.960000038,11
906,0,0,0,0,0,0,0,0,NA,NA,NA,NA,NA,NA,NA,NA,2643.269287,0.996247172,3.614438772,0.239999995,4
973,0,0,0,0,NA,NA,NA,NA,0,0,2,0,0,0,NA,NA,3078.147705,0.940897107,4.271947861,0.479999989,4
904,0,0,0,0,NA,NA,NA,NA,NA,NA,NA,NA,NA,NA,NA,NA,4177.699219,0.194805026,3.722319841,1.399999976,0
972,0,0,0,0,0,NA,NA,NA,0,2,0,1,0,NA,NA,NA,3794.156494,0.599615574,3.696575165,1.440000057,NA
1109,0,0,0,0,0,0,NA,NA,0,0,0,0,0,0,0,0,3031.566162,0.972687066,3.777908325,0.920000017,0
1177,0,0,0,0,0,0,NA,NA,0,0,0,0,0,0,0,0,2987.196045,0.976500034,3.777908325,3.039999962,2
498,0,0,0,0,0,0,0,NA,0,0,0,NA,NA,NA,NA,NA,2180.115234,0.999472082,3.645256281,0.280000001,40
1176,0,0,0,0,0,0,0,0,0,0,0,0,0,NA,NA,NA,2987.196045,0.976500034,3.777908325,3.039999962,2
1040,0,0,0,0,0,0,0,0,0,0,0,0,0,NA,NA,NA,3530.340576,0.882490575,3.923495531,2.75999999,0
754,0,0,0,0,0,0,0,0,NA,NA,NA,NA,NA,NA,NA,NA,2176.974121,0.996069312,4.584217548,0.200000003,0
1042,0,2,0,2,0,0,NA,NA,0,0,0,0,0,0,0,0,2048.116699,0.914080679,4.889706612,14.47999954,0
1312,1,0,1,1,0,0,1,0,0,0,NA,NA,NA,NA,NA,NA,2819.814453,0.99404031,3.916319609,0.200000003,12
1313,0,NA,NA,NA,NA,NA,NA,NA,0,0,0,0,0,0,0,0,1667.503052,0.846413732,3.917643785,42.36000061,16
1453,0,0,0,0,0,0,0,0,NA,NA,NA,NA,NA,NA,NA,NA,2525.0896,0.986241102,4.122490883,0,0
1385,0,0,0,NA,NA,NA,NA,NA,0,0,0,0,0,0,0,0,2525.0896,0.986241102,4.122490883,0,0
1384,0,0,0,0,0,NA,NA,NA,0,0,0,0,0,0,0,0,2096.155273,0.963060379,4.287250042,11.47999954,1
1317,0,0,0,0,0,NA,NA,NA,0,0,0,0,0,0,0,0,2637.202637,0.967008889,3.863442183,3.640000105,0
1318,0,0,NA,NA,NA,NA,NA,NA,0,0,0,0,0,0,0,0,3018.887451,0.865172207,3.802885771,13.88000011,3
1387,0,0,0,0,0,0,0,NA,0,0,0,0,NA,NA,NA,NA,3076.025635,0.852084696,3.68813467,1.399999976,65
1250,2,0,2,NA,NA,NA,NA,NA,NA,NA,NA,NA,NA,NA,NA,NA,2287.489746,0.954901159,4.147724628,6.760000229,16
1319,0,2,0,2,0,2,NA,NA,3,2,0,0,2,NA,NA,NA,3393.835938,0.851292133,3.79412508,1,65
1388,0,0,0,0,NA,NA,NA,NA,0,2,0,0,0,NA,NA,NA,3393.835938,0.851292133,3.79412508,1,65
1320,3,0,1,0,NA,NA,NA,NA,0,0,0,0,0,0,0,0,3393.835938,0.851292133,3.79412508,1,65
1389,0,NA,NA,NA,NA,NA,NA,NA,NA,NA,NA,NA,NA,NA,NA,NA,3048.834229,0.833908021,4.105110645,7.079999924,6
1457,0,0,0,0,3,3,NA,NA,0,0,0,0,0,NA,NA,NA,3048.834229,0.833908021,4.05119133,7.079999924,4
1458,0,0,0,0,0,NA,NA,NA,NA,NA,NA,NA,NA,NA,NA,NA,3308.440674,0.81333822,3.784904242,3,4
1322,0,0,0,0,1,0,0,NA,0,0,0,0,0,0,0,0,3596.859619,0.854442358,3.653006077,8.56000042,NA
1253,0,2,1,3,3,1,1,0,0,0,0,0,0,0,NA,NA,3596.859619,0.854442358,4.438327789,8.56000042,31
1254,0,0,2,0,0,0,0,0,NA,NA,NA,NA,NA,NA,NA,NA,3235.670654,0.743379951,3.682110786,8.600000381,16
1185,0,NA,NA,NA,NA,NA,NA,NA,NA,NA,NA,NA,NA,NA,NA,NA,3367.891602,0.699778914,3.894543171,12.80000019,26
1186,0,0,0,NA,NA,NA,NA,NA,0,0,0,0,0,0,0,NA,3482.881104,0.666859269,4.66869688,14.64000034,26
1252,0,0,0,NA,NA,NA,NA,NA,0,0,0,0,0,NA,NA,NA,3092.688721,0.902470112,3.891939402,0.439999998,71
1182,0,0,NA,NA,NA,NA,NA,NA,0,0,0,0,0,NA,NA,NA,3053.245605,0.953076899,4.278844357,1.840000033,36
1316,0,2,NA,NA,NA,NA,NA,NA,0,0,2,NA,NA,NA,NA,NA,2258.065674,0.918115318,4.228494644,18.68000031,0
1112,2,0,NA,NA,NA,NA,NA,NA,0,0,0,0,0,0,0,0,2838.667969,0.800649047,4.49034071,23.60000038,0
1044,2,0,NA,NA,NA,NA,NA,NA,0,0,0,0,0,0,0,0,2083.172607,0.842930079,4.548350334,38.52000046,0
1045,0,0,NA,NA,NA,NA,NA,NA,NA,NA,NA,NA,NA,NA,NA,NA,2667.05835,0.963185966,4.214583397,12.07999992,0
977,0,NA,NA,NA,NA,NA,NA,NA,0,2,0,0,2,0,NA,NA,2283.634521,0.984371126,4.214583397,2.920000076,0
910,0,0,NA,NA,NA,NA,NA,NA,0,0,0,0,0,0,0,0,2099.789551,0.996639609,4.288125992,0.039999999,0
1046,0,0,NA,NA,NA,NA,NA,NA,0,0,0,0,0,0,0,0,3076.639648,0.964929342,3.971663475,12.35999966,31
1114,0,0,0,NA,NA,NA,NA,NA,0,0,0,0,0,0,0,0,3300.599854,0.922590137,4.248413086,12.68000031,18
979,2,0,NA,NA,NA,NA,NA,NA,0,0,0,0,0,NA,NA,NA,2034.721924,0.999412358,3.513518095,0.079999998,5
1047,0,0,NA,NA,NA,NA,NA,NA,0,0,2,2,0,0,NA,NA,2925.74585,0.965714753,3.998802423,1,1
1048,0,0,0,NA,NA,NA,NA,NA,NA,NA,NA,NA,NA,NA,NA,NA,3375.618164,0.838593662,4.273049831,7.519999981,15
1049,0,0,0,NA,NA,NA,NA,NA,NA,NA,NA,NA,NA,NA,NA,NA,3025.936035,0.933628798,4.679732323,7.71999979,47
981,0,0,0,0,0,0,0,NA,0,0,0,0,0,NA,NA,NA,3025.936035,0.933628798,4.010754585,7.71999979,1
911,2,0,NA,NA,NA,NA,NA,NA,2,2,0,2,0,NA,NA,NA,1523.691406,0.969693542,3.513518095,1.960000038,52
1119,0,0,NA,NA,NA,NA,NA,NA,0,0,0,0,0,NA,NA,NA,3436.766602,0.927433133,3.484767437,0.360000014,NA
1323,0,0,0,NA,NA,NA,NA,NA,0,0,0,0,0,0,0,0,3649.595459,0.75104934,3.49152422,0.439999998,4
1184,0,0,0,NA,NA,NA,NA,NA,2,0,0,0,0,2,0,0,3408.280762,0.851700664,4.265268326,14.76000023,15
87,0,2,2,2,NA,NA,NA,NA,0,0,0,0,0,0,NA,NA,475.7655945,0.896797001,2.648454189,30,4
291,0,0,0,0,0,NA,NA,NA,0,0,0,0,0,0,0,0,2099.328125,0.998727202,4.444115162,1.720000029,30
220,0,0,0,0,0,NA,NA,NA,0,0,0,0,0,0,0,0,1315.079956,0.996000767,2.906051636,18.71999931,13
356,0,0,0,0,0,0,0,0,NA,NA,NA,NA,NA,NA,NA,NA,2633.873779,0.993055165,3.667057037,0.639999986,3
355,0,0,0,0,0,0,0,0,NA,NA,NA,NA,NA,NA,NA,NA,1659.272705,0.993213415,4.146589756,5.599999905,13
492,0,0,0,0,0,0,0,0,0,0,0,0,0,0,NA,NA,2944.877686,0.996314406,3.631887436,0.319999993,1
424,0,0,0,0,0,0,0,0,0,0,0,NA,NA,NA,NA,NA,2633.873779,0.993055165,3.631887436,0.639999986,3
560,0,0,0,0,0,NA,NA,NA,NA,NA,NA,NA,NA,NA,NA,NA,2363.53125,0.939034104,4.876745224,33.88000107,12
627,0,0,0,0,0,NA,NA,NA,0,0,0,0,NA,NA,NA,NA,2732.529297,0.999764562,4.009440422,0.039999999,11
628,0,0,0,0,0,NA,NA,NA,NA,NA,NA,NA,NA,NA,NA,NA,2363.53125,0.939034104,4.876745224,33.88000107,12
696,0,0,0,0,0,0,NA,NA,0,0,0,0,NA,NA,NA,NA,2464.02124,0.931420743,4.264500141,24.44000053,15
629,0,0,NA,NA,NA,NA,NA,NA,0,0,0,0,0,NA,NA,NA,3156.267822,0.889761984,4.221781731,0.360000014,1
561,0,0,0,0,0,0,NA,NA,0,0,0,0,0,0,NA,NA,3156.267822,0.889761984,4.221781731,0.360000014,1
495,1,1,0,0,NA,NA,NA,NA,NA,NA,NA,NA,NA,NA,NA,NA,3325.104736,0.939191818,4.019689083,0.720000029,16
562,0,1,0,0,0,0,0,0,NA,NA,NA,NA,NA,NA,NA,NA,3034.225342,0.940914392,4.33611393,2.359999895,1
361,0,0,0,0,0,0,0,1,0,0,0,2,0,0,0,NA,1775.473145,0.991809964,4.368997574,0.680000007,29
429,0,0,0,0,0,0,0,1,0,2,0,0,0,0,NA,NA,2349.11499,0.999562085,4.026240826,0.159999996,1
693,0,0,0,0,0,NA,NA,NA,0,0,0,0,0,0,0,NA,3197.017334,0.98873508,3.745272398,0.360000014,0
760,0,0,0,0,0,NA,NA,NA,0,0,0,0,0,0,0,0,3511.989502,0.94417578,3.748383522,0.039999999,9
765,0,0,0,0,NA,NA,NA,NA,0,0,0,0,0,0,NA,NA,2908.542725,0.814184248,4.054494858,26.84000015,1
833,0,NA,NA,NA,NA,NA,NA,NA,0,0,0,0,0,NA,NA,NA,3328.957031,0.788919568,4.054494858,11.31999969,3
697,0,0,0,0,NA,NA,NA,NA,0,0,0,0,0,0,NA,NA,3607.415283,0.867783964,3.566992044,0.079999998,NA
698,0,NA,NA,NA,NA,NA,NA,NA,0,0,0,0,0,0,NA,NA,3607.415283,0.867783964,3.422405958,0.079999998,NA
494,0,0,0,0,0,0,NA,NA,0,2,0,0,0,0,NA,NA,3034.225342,0.940914392,4.33611393,2.359999895,1
625,0,0,0,0,0,NA,NA,NA,0,0,0,0,0,1,NA,NA,2919.405762,0.996179819,4.262248516,0.039999999,13
626,0,0,0,0,0,NA,NA,NA,NA,NA,NA,NA,NA,NA,NA,NA,2552.013672,0.996306837,4.042884827,0.239999995,0
491,0,0,0,0,0,0,0,0,0,0,2,0,0,0,NA,NA,2481.075439,0.955082476,3.978639603,23.52000046,6
300,0,0,0,0,0,0,0,NA,0,0,0,0,0,0,0,NA,927.638916,0.987467289,3.50253129,2.880000114,61
368,0,0,0,0,0,0,0,0,NA,NA,NA,NA,NA,NA,NA,NA,1161.120972,0.945967615,3.715406895,58.63999939,96
437,0,0,0,0,0,0,0,0,0,0,0,0,0,0,1,NA,1960.7677,0.985143483,3.68994379,15.31999969,10
228,0,0,0,0,0,0,0,NA,0,0,0,0,0,0,0,NA,1433.420288,0.996152759,3.484212875,2.319999933,70
296,0,0,0,0,0,NA,NA,NA,0,0,0,1,1,0,0,NA,1433.420288,0.996152759,4.686300755,2.319999933,70
430,0,0,0,0,0,0,0,0,NA,NA,NA,NA,NA,NA,NA,NA,2104.580566,0.999984801,4.48073101,0.079999998,40
431,0,0,0,0,0,0,0,0,1,0,1,0,1,0,NA,NA,1988.293213,0.993737876,3.41510129,6.840000153,NA
499,0,0,0,0,0,0,0,0,NA,NA,NA,NA,NA,NA,NA,NA,1557.518921,0.947996318,4.229365349,51.79999924,40
497,0,0,0,0,1,0,0,0,0,0,0,0,0,0,0,0,2632.081299,0.997964144,3.980214357,0,21
568,0,0,0,0,0,0,0,0,1,0,0,0,0,0,0,NA,1771.973145,0.982934117,3.513445854,10.68000031,68
632,0,NA,NA,NA,NA,NA,NA,NA,0,0,0,0,0,0,0,NA,2451.973877,0.990705609,3.690141201,0,33
563,0,0,0,0,0,0,0,0,NA,NA,NA,NA,NA,NA,NA,NA,3656.229248,0.68722862,3.627892017,1.679999948,2
700,0,NA,NA,NA,NA,NA,NA,NA,0,0,0,0,0,0,NA,NA,2881.699707,0.965617239,3.690141201,0.200000003,6
701,0,0,0,0,0,0,0,0,0,0,0,NA,NA,NA,NA,NA,2690.922852,0.983772218,3.960060596,0.119999997,65
702,0,0,0,0,0,0,0,0,0,0,0,0,0,0,0,NA,2177.845947,0.994829118,4.087520123,1.120000005,118
703,0,0,0,0,0,0,0,0,0,0,0,0,0,0,0,NA,2483.067627,0.956497133,3.456419706,0.039999999,22
635,0,0,0,0,0,0,0,0,NA,NA,NA,NA,NA,NA,NA,NA,2740.965332,0.970090032,3.553477287,0.159999996,22
770,0,0,0,0,0,0,0,0,0,0,0,0,2,0,NA,NA,2538.362061,0.941914022,3.607577085,0.239999995,27
767,0,0,0,0,0,0,0,0,NA,NA,NA,NA,NA,NA,NA,NA,4250.436035,0.071887553,3.539485693,1.879999995,1
768,0,0,0,0,0,0,0,0,0,0,0,0,0,0,NA,NA,3479.490967,0.830344439,4.049880981,1.279999971,4
769,0,0,0,NA,NA,NA,NA,NA,0,0,NA,NA,NA,NA,NA,NA,3023.097656,0.946192563,3.957287312,0.280000001,14
771,0,0,0,0,0,0,0,0,NA,NA,NA,NA,NA,NA,NA,NA,2538.362061,0.941914022,2.99132514,0.239999995,27
569,0,0,0,0,0,0,0,NA,0,0,0,0,0,0,NA,NA,2078.182129,0.995353818,3.410489559,5.840000153,35
637,0,0,0,0,NA,NA,NA,NA,0,0,0,0,0,NA,NA,NA,2019.534912,0.991597652,3.410489559,5.519999981,126
574,0,0,0,0,NA,NA,NA,NA,NA,NA,NA,NA,NA,NA,NA,NA,1898.439453,0.997434974,3.620574474,0.400000006,0
501,0,0,0,0,0,0,0,NA,0,0,0,1,0,0,0,NA,2078.182129,0.995353818,3.596036911,5.840000153,35
93,0,0,0,0,0,2,0,0,0,0,0,0,0,0,NA,NA,402.2618408,0.989388108,3.500227213,0,56
25,0,0,0,0,0,0,0,NA,0,0,0,0,0,0,NA,NA,NA,NA,2.962253571,NA,NA
27,2,0,2,0,0,0,NA,NA,3,2,0,0,3,1,0,NA,311.2685547,0.825026631,1.923648477,0.079999998,82
94,0,0,2,3,0,0,0,2,0,0,0,0,0,0,0,NA,387.2801514,0.948490918,2.117142439,0.079999998,26
95,2,1,0,0,0,3,0,1,0,0,0,0,0,0,0,NA,311.2685547,0.825026631,3.104568005,0.079999998,82
161,0,0,0,0,0,0,0,0,1,2,3,0,0,1,1,0,756.8546143,0.99852556,3.356918335,0.079999998,31
231,0,0,0,0,0,0,0,0,2,3,0,0,0,0,0,1,1043.488159,0.998568475,3.457202911,0.039999999,10
96,2,0,2,2,2,0,0,0,0,0,0,0,0,0,0,0,378.3230591,0.986230671,3.936507225,0.479999989,14
232,0,0,0,0,0,0,0,0,0,0,0,0,0,NA,NA,NA,992.0413208,0.998536408,3.540454149,0,24
164,2,0,2,2,0,0,2,0,0,0,0,0,0,0,NA,NA,378.3230591,0.986230671,3.936507225,0.479999989,14
97,0,0,0,0,0,0,0,0,0,0,0,0,0,0,0,NA,218.4360504,NA,2.418569088,0.039999999,NA
165,2,3,2,1,1,2,2,0,0,1,1,1,1,0,0,0,326.7591858,NA,2.418569088,2.720000029,NA
241,2,0,0,2,0,0,0,NA,1,0,0,0,1,1,NA,NA,618.7024536,0.954046726,3.416682243,1.519999981,31
309,0,0,0,0,0,0,0,NA,0,0,0,0,0,NA,NA,NA,618.7024536,0.954046726,3.539788723,1.519999981,72
377,0,0,0,0,0,0,0,0,0,0,0,0,0,0,NA,NA,912.5036011,0.988571346,3.321954727,0.039999999,72
444,0,0,0,0,0,0,0,0,NA,NA,NA,NA,NA,NA,NA,NA,1508.152222,0.995114744,3.321954727,1.960000038,27
376,0,2,0,0,0,0,2,2,0,0,0,0,0,NA,NA,NA,534.1202393,0.868486106,4.128743172,3.680000067,28
375,0,0,0,0,0,0,0,0,NA,NA,NA,NA,NA,NA,NA,NA,848.505249,0.969299793,3.422188282,2.039999962,6
308,0,0,0,0,0,0,0,NA,0,0,0,0,0,0,NA,NA,534.1202393,0.868486106,4.128743172,3.680000067,16
511,0,0,0,0,0,0,0,NA,0,0,NA,NA,NA,NA,NA,NA,1320.922363,0.987635076,4.203541756,1.24000001,67
441,0,1,0,0,0,0,0,NA,0,0,2,0,0,0,NA,NA,1551.556763,0.88684833,3.433065414,27.28000069,34
508,0,0,0,0,0,0,0,NA,0,0,0,0,0,NA,NA,NA,1848.021484,0.995016694,3.423869848,4.360000134,9
576,0,0,0,0,0,0,0,NA,0,0,2,0,0,NA,NA,NA,1538.304688,0.949575961,3.426893473,32.40000153,7
644,0,0,0,0,0,0,0,NA,0,0,0,2,0,0,NA,NA,2254.454346,0.997413695,3.426893473,0.079999998,34
575,0,0,0,0,0,0,0,NA,0,0,0,0,0,0,NA,NA,2048.969238,0.996824861,3.235040903,5.880000114,0
506,0,0,0,0,0,0,0,NA,NA,NA,NA,NA,NA,NA,NA,NA,2057.040527,0.989158928,2.939797163,9.239999771,2
374,2,0,0,0,0,0,NA,NA,0,0,2,0,0,0,NA,NA,792.9281616,0.938960493,4.02070713,16.04000092,41
443,1,0,0,0,0,1,0,NA,0,0,0,2,0,0,NA,NA,788.4046631,0.974121451,4.203541756,0,23
373,0,0,1,0,0,0,NA,NA,NA,NA,NA,NA,NA,NA,NA,NA,1361.064209,0.997087598,3.282254219,0.119999997,14
440,0,0,0,0,0,0,0,NA,0,0,0,0,0,NA,NA,NA,1581.049683,0.997988582,3.423869848,0.720000029,28
233,0,0,2,0,0,NA,NA,NA,0,0,0,0,NA,NA,NA,NA,621.4356079,0.932459414,3.497563124,6.519999981,18
301,0,0,0,0,0,0,0,0,0,0,0,0,0,NA,NA,NA,927.638916,0.987467289,3.497563124,2.880000114,61
369,0,0,0,NA,NA,NA,NA,NA,0,0,0,0,0,0,NA,NA,1233.590698,0.990394473,3.975173235,21.12000084,4
370,0,0,0,0,0,0,0,NA,0,0,0,0,0,0,NA,NA,1906.942993,0.995121121,3.975173235,3.079999924,2
21,0,0,0,0,0,0,0,0,NA,NA,NA,NA,NA,NA,NA,NA,589.4484253,0.973052204,3.803248405,4,NA
89,0,0,NA,NA,NA,NA,NA,NA,0,0,0,0,0,0,0,NA,813.8162231,0.975513816,3.611473322,1.799999952,4
157,0,0,0,0,0,0,0,NA,NA,NA,NA,NA,NA,NA,NA,NA,820.3930664,0.986341357,3.870620966,0.519999981,19
90,0,0,0,0,0,NA,NA,NA,NA,NA,NA,NA,NA,NA,NA,NA,316.483551,0.843401372,3.687957525,22.87999916,19
91,0,0,0,0,0,0,0,0,0,0,0,0,NA,NA,NA,NA,750.6651611,0.961772919,3.687957525,6.71999979,19
158,0,0,0,0,0,0,0,0,0,0,0,0,0,0,NA,NA,1269.245361,0.994137466,3.999637842,0.439999998,111
159,0,0,0,0,0,0,0,NA,NA,NA,NA,NA,NA,NA,NA,NA,376.3161011,0.915229559,3.649842501,9.720000267,56
160,0,0,0,0,0,0,0,0,0,0,0,1,0,0,0,NA,376.3161011,0.915229559,3.756977558,9.720000267,56
718,0,2,2,0,0,0,0,0,1,0,1,0,0,NA,NA,NA,1112.731567,0.984063804,3.530985355,2.839999914,1
649,0,2,0,0,0,0,0,0,NA,NA,NA,NA,NA,NA,NA,NA,1632.300171,0.999862969,3.056258917,0,21
513,0,1,0,0,0,0,NA,NA,0,0,0,0,NA,NA,NA,NA,2064.303955,0.997976661,3.362562656,1.039999962,8
579,0,0,0,0,0,0,NA,NA,0,0,0,0,0,NA,NA,NA,1744.382324,0.98274225,3.283929586,4.320000172,NA
785,0,0,0,0,0,0,0,2,0,NA,NA,NA,NA,NA,NA,NA,1222.059326,0.923907757,3.186452389,27.95999908,1
845,2,0,2,2,0,2,0,0,0,0,0,0,0,NA,NA,NA,1770.70752,0.998218417,3.847155571,0.079999998,6
782,0,0,0,0,0,0,0,NA,NA,NA,NA,NA,NA,NA,NA,NA,2211.883301,0.998994827,3.522388458,0.200000003,118
646,0,0,0,0,0,NA,NA,NA,NA,NA,NA,NA,NA,NA,NA,NA,1656.791138,0.985656321,3.299651623,4.71999979,NA
645,0,0,0,0,0,NA,NA,NA,0,0,0,0,0,0,0,NA,2441.334229,0.994637787,3.139322758,0,NA
846,0,2,0,0,2,2,0,0,0,0,0,0,0,NA,NA,NA,2273.51709,0.998143852,3.847155571,0.039999999,28
852,0,0,1,0,0,0,NA,NA,0,0,0,0,1,0,NA,NA,2526.598389,0.991160214,3.233740091,0.319999993,18
851,0,0,0,0,0,0,0,0,1,0,0,1,1,NA,NA,NA,2066.835938,0.999831617,3.233740091,0.039999999,18
987,0,0,0,0,0,0,0,1,NA,NA,NA,NA,NA,NA,NA,NA,2283.612305,0.982230902,3.717247486,0.079999998,NA
918,0,2,0,0,0,1,1,0,0,0,1,0,0,NA,NA,NA,3140.543213,0.948250532,3.387861729,0.119999997,NA
1121,0,0,0,0,0,0,1,1,NA,NA,NA,NA,NA,NA,NA,NA,2904.184082,0.958808362,3.968927145,6.920000076,17
1120,0,0,0,0,0,2,0,1,0,0,0,0,0,NA,NA,NA,2842.552979,0.900002658,3.497667551,13.80000019,5
1187,0,0,0,0,0,0,1,NA,0,0,0,NA,NA,NA,NA,NA,3436.766602,0.927433133,3.484767437,0.360000014,7
1051,0,0,0,0,1,1,0,2,0,0,0,NA,NA,NA,NA,NA,3808.325684,0.807315767,3.685297012,0.239999995,NA
1052,0,0,0,0,0,1,0,0,NA,NA,NA,NA,NA,NA,NA,NA,4179.993164,0.313008964,3.438345671,0.280000001,NA
984,0,0,0,0,0,0,0,2,0,0,0,0,NA,NA,NA,NA,3850.480713,0.733723581,3.438345671,0.159999996,NA
985,0,0,0,0,0,0,NA,NA,NA,NA,NA,NA,NA,NA,NA,NA,3679.830566,0.71606636,3.207130194,0.119999997,NA
713,0,0,0,0,0,0,0,0,0,0,0,0,0,NA,NA,NA,2211.883301,0.998994827,3.522388458,0.200000003,118
1392,0,0,0,0,0,0,0,NA,NA,NA,NA,NA,NA,NA,NA,NA,3649.595459,0.75104934,3.625082731,0.439999998,4
581,1,0,1,1,0,1,0,0,0,0,0,0,0,NA,NA,NA,1684.820679,0.999948025,3.464927912,0,22
920,0,0,0,0,0,0,0,1,0,0,0,0,0,NA,NA,NA,1501.280396,0.948892057,4.321804523,14,27
714,0,1,0,0,0,0,0,0,1,1,0,1,0,NA,NA,NA,2052.796143,0.988331497,3.423335552,0.159999996,NA
715,0,1,0,2,2,0,0,2,0,0,0,0,0,NA,NA,NA,2242.263184,0.999977469,3.016718626,0,64
647,0,2,0,1,1,0,1,0,0,0,0,0,0,0,0,NA,2078.571777,0.999944389,3.017451286,0.079999998,6
988,2,0,0,0,0,0,0,0,NA,NA,NA,NA,NA,NA,NA,NA,1423.463257,0.808254838,3.581315041,59.04000092,4
1050,0,0,0,0,0,0,0,0,0,0,0,0,NA,NA,NA,NA,3260.293213,0.891068637,4.105234146,8.159999847,NA
982,0,0,0,0,0,0,0,0,0,0,0,0,0,NA,NA,NA,3301.87207,0.959237576,3.820168495,0.039999999,NA
844,2,0,0,0,0,0,0,0,0,0,0,0,0,NA,NA,NA,1659.147217,0.997770429,3.671744108,0.079999998,57
912,0,0,0,0,0,0,NA,NA,0,0,0,0,0,0,NA,NA,1793.86438,0.983588457,3.671744108,5.28000021,2
650,0,0,2,0,0,0,NA,NA,0,0,0,2,0,NA,NA,NA,1112.731567,0.984063804,3.530985355,2.839999914,1
580,0,0,0,NA,NA,NA,NA,NA,0,0,0,0,0,NA,NA,NA,1716.812744,0.999271274,3.667815447,0.119999997,22
246,0,0,0,0,2,0,0,1,0,0,0,0,NA,NA,NA,NA,964.0908203,0.995157123,3.059550285,0,8
178,0,0,0,NA,NA,NA,NA,NA,0,2,0,0,0,2,NA,NA,478.2489319,0.852026224,2.478754759,0,95
177,0,0,0,0,0,0,2,0,2,2,1,1,0,0,NA,NA,598.9160767,0.930700481,2.389484644,0,58
180,2,2,2,3,NA,NA,NA,NA,0,0,0,0,0,NA,NA,NA,258.6585999,NA,1.347495079,0.039999999,NA
248,1,1,1,0,0,0,0,0,0,0,0,0,0,NA,NA,NA,418.3099365,0.937858224,3.875134706,15.43999958,81
182,0,0,0,1,0,0,NA,NA,0,0,0,0,0,0,NA,NA,196.6621704,NA,1.943531752,0,NA
179,0,0,0,0,0,0,NA,NA,0,0,0,0,0,0,NA,NA,418.3099365,0.937858224,3.462198496,15.43999958,0
584,0,0,0,0,0,0,0,0,0,0,0,0,0,1,NA,NA,1449.004761,0.986061871,4.083893776,2.440000057,4
446,2,2,0,2,3,0,0,0,0,0,0,2,0,0,0,NA,1932.179932,0.99950099,3.288600445,0,9
381,0,0,2,0,0,0,0,NA,0,1,1,0,1,0,NA,NA,963.2269287,0.982737482,3.438453436,5.679999828,9
176,0,0,0,0,0,0,NA,NA,0,0,0,0,0,0,0,NA,598.9160767,0.930700481,3.505238056,0,58
311,2,0,0,0,NA,NA,NA,NA,1,0,1,1,1,0,NA,NA,873.3972778,0.992433131,3.038795233,0.079999998,18
243,0,2,0,0,2,0,0,0,1,0,1,0,0,1,1,NA,873.3972778,0.992433131,3.596911907,0.079999998,22
107,0,1,3,1,0,1,0,1,0,0,2,0,0,0,NA,NA,242.4490509,NA,2.471477747,0,NA
110,0,3,2,3,0,0,2,1,0,2,2,2,0,2,0,2,478.2489319,0.852026224,2.478754759,0,95
181,3,2,3,3,2,0,NA,NA,0,0,0,0,0,0,NA,NA,278.6808472,NA,1.351991892,2.960000038,NA
247,0,0,0,1,0,2,0,2,1,0,0,0,0,0,NA,NA,810.4051514,0.996915281,3.394109488,0.039999999,0
314,0,0,0,0,2,0,0,0,NA,NA,NA,NA,NA,NA,NA,NA,963.2269287,0.982737482,3.596108675,5.679999828,87
249,0,2,0,0,0,0,NA,NA,2,0,0,0,0,0,NA,NA,585.3981934,0.96906513,3.392777205,46.56000137,47
315,0,0,0,0,0,0,NA,NA,0,0,0,0,0,0,NA,NA,745.6063232,0.985264838,3.394109488,1.799999952,0
515,0,0,1,0,1,0,0,0,2,0,2,2,2,0,0,NA,2176.70752,0.999974728,3.122545242,0,11
380,0,0,0,0,0,0,0,0,0,0,0,0,0,0,NA,NA,1286.584473,0.996317863,3.586466312,0.119999997,55
516,0,0,0,0,0,0,0,0,2,0,0,0,0,0,NA,NA,1833.603271,0.999887526,3.598594189,0,17
652,0,0,0,0,0,1,0,0,0,0,0,0,0,0,0,NA,901.7850952,0.895084321,4.083893776,12.56000042,4
183,0,0,2,2,2,0,NA,NA,0,0,2,0,0,0,NA,NA,649.0213013,0.945433438,2.644390106,20.36000061,NA
514,0,0,0,0,0,NA,NA,NA,0,2,2,2,2,NA,NA,NA,1784.212646,0.995718002,3.362562656,3.799999952,27
378,0,0,0,0,0,0,0,0,NA,NA,NA,NA,NA,NA,NA,NA,1932.179932,0.99950099,3.288600445,0,21
106,0,0,0,0,NA,NA,NA,NA,2,0,3,0,0,0,NA,NA,531.4163208,0.805562496,2.146531105,0.119999997,37
450,2,2,2,0,0,0,NA,NA,2,0,2,2,0,NA,NA,NA,787.6643066,0.976800144,4.128878593,10.52000046,20
174,2,2,2,0,2,0,2,NA,0,0,0,0,0,NA,NA,NA,443.0991211,NA,1.278272867,0.239999995,NA
449,0,2,0,0,0,0,0,0,0,0,0,1,0,0,NA,NA,787.6643066,0.976800144,3.438453436,10.52000046,20
310,1,0,1,0,0,0,0,NA,1,0,0,2,1,0,NA,NA,873.3972778,0.992433131,3.038795233,0.079999998,18
583,0,0,0,0,0,1,0,NA,2,0,0,0,0,0,NA,NA,1254.39978,0.985622168,3.098203659,7.039999962,8
163,0,0,0,0,0,0,NA,NA,0,2,0,0,2,NA,NA,NA,1043.488159,0.998568475,3.612616777,0.039999999,29
382,0,0,0,0,0,0,NA,NA,2,0,0,NA,NA,NA,NA,NA,963.2269287,0.982737482,3.438453436,5.679999828,9
244,0,0,0,NA,NA,NA,NA,NA,2,2,0,0,0,2,0,NA,1196.689087,0.998585522,3.531428576,0.239999995,0
1533,0,0,NA,NA,NA,NA,NA,NA,0,0,0,0,0,NA,NA,NA,4270.867188,0.383431345,3.476743221,0.159999996,0
1534,0,0,0,NA,NA,NA,NA,NA,0,NA,NA,NA,NA,NA,NA,NA,3698.07959,0.81916374,3.941224098,0.280000001,53
1466,0,0,0,NA,NA,NA,NA,NA,0,NA,NA,NA,NA,NA,NA,NA,3589.601807,0.862917423,4.893839359,1.519999981,5
1400,0,NA,NA,NA,NA,NA,NA,NA,NA,NA,NA,NA,NA,NA,NA,NA,3011.220703,0.821112692,4.354065418,70.83999634,7
1604,0,0,NA,NA,NA,NA,NA,NA,0,NA,NA,NA,NA,NA,NA,NA,3604.798096,0.781164825,4.206431866,0.319999993,35
1536,0,0,0,NA,NA,NA,NA,NA,NA,NA,NA,NA,NA,NA,NA,NA,3604.798096,0.781164825,4.206431866,0.319999993,35
1603,0,0,NA,NA,NA,NA,NA,NA,0,0,0,0,0,NA,NA,NA,3984.122314,0.589435995,4.182845592,2.359999895,0
1671,0,0,NA,NA,NA,NA,NA,NA,NA,NA,NA,NA,NA,NA,NA,NA,4030.31958,NA,4.760322571,0.239999995,NA
1672,0,0,0,0,NA,NA,NA,NA,0,NA,NA,NA,NA,NA,NA,NA,3984.122314,0.589435995,4.777471066,2.359999895,0
1738,0,0,NA,NA,NA,NA,NA,NA,0,0,0,0,0,NA,NA,NA,4281.959961,NA,3.977080584,1.840000033,NA
1401,0,0,0,NA,NA,NA,NA,NA,0,1,0,0,0,NA,NA,NA,3576.047852,0.860486388,3.32136941,0.839999974,1
1470,0,0,0,0,NA,NA,NA,NA,0,0,0,2,NA,NA,NA,NA,3163.082275,0.754170537,4.193160057,8.43999958,0
1471,0,NA,NA,NA,NA,NA,NA,NA,NA,NA,NA,NA,NA,NA,NA,NA,3163.082275,0.754170537,3.388880968,8.43999958,0
1404,0,0,NA,NA,NA,NA,NA,NA,0,0,0,0,0,NA,NA,NA,3493.51709,0.90904808,3.547416449,0.600000024,3
1469,0,0,NA,NA,NA,NA,NA,NA,0,0,0,0,0,NA,NA,NA,3908.076416,0.828469396,3.482222795,0.119999997,0
1538,0,0,0,0,NA,NA,NA,NA,0,0,0,0,0,0,0,0,3978.993896,0.736144841,3.462008715,0.079999998,64
1606,0,0,0,0,0,0,0,0,0,0,0,0,0,0,0,NA,4347.320801,0.36188817,3.290409327,0.079999998,8
1393,0,0,0,0,0,NA,NA,NA,NA,NA,NA,NA,NA,NA,NA,NA,3119.870361,0.88483119,3.838279724,0.75999999,13
1463,1,0,NA,NA,NA,NA,NA,NA,0,0,0,0,0,0,0,0,3606.205566,0.871181369,3.395269394,0.239999995,11
1531,0,0,NA,NA,NA,NA,NA,NA,0,0,0,0,0,0,NA,NA,3514.29126,0.876479805,3.793982267,0.439999998,0
1261,0,0,0,0,NA,NA,NA,NA,0,0,0,1,0,NA,NA,NA,3273.704834,0.941095352,4.246954918,2.279999971,4
1193,0,0,1,0,0,0,0,0,1,1,0,1,0,NA,NA,NA,3578.823242,0.969538867,3.197080374,0.519999981,2
1263,0,0,0,0,0,0,0,0,0,0,0,0,0,NA,NA,NA,3253.258301,0.839556694,3.636748552,25.23999977,3
1127,0,0,0,0,0,0,0,NA,0,1,1,0,0,NA,NA,NA,3188.010498,0.836771309,3.673989058,52.24000168,0
1126,0,0,0,0,NA,NA,NA,NA,1,0,1,3,0,NA,NA,NA,3231.805176,0.878726542,3.344267368,1.200000048,0
1196,0,0,0,0,0,0,0,0,NA,NA,NA,NA,NA,NA,NA,NA,3312.5896,0.945397615,3.223538876,11.47999954,0
1194,0,0,0,NA,NA,NA,NA,NA,1,0,3,0,1,0,NA,NA,3421.913574,0.944221675,4.135530472,2.359999895,8
1329,0,0,0,0,0,0,0,0,0,0,0,0,0,NA,NA,NA,3522.72583,0.933402717,4.194531441,0.879999995,7
1333,0,0,0,0,0,NA,NA,NA,0,2,2,0,0,NA,NA,NA,3576.047852,0.860486388,4.047806263,0.839999974,6
1125,2,2,0,0,0,0,0,0,NA,NA,NA,NA,NA,NA,NA,NA,3421.913574,0.944221675,3.344267368,2.359999895,0
1397,0,0,0,0,0,0,0,0,0,0,0,0,0,NA,NA,NA,3655.831055,0.928927422,3.84063983,0.639999986,7
1399,2,0,0,0,0,0,0,0,0,2,3,0,0,NA,NA,NA,3000.848389,0.798174679,4.398327351,26.60000038,12
1330,0,0,0,0,0,0,0,0,0,0,0,0,0,NA,NA,NA,3530.621826,0.945268989,4.284465313,0.600000024,1
1465,0,0,0,0,0,0,0,0,NA,NA,NA,NA,NA,NA,NA,NA,3880.928223,0.846034467,3.936103821,0.519999981,53
1335,0,0,0,0,0,0,0,0,3,0,0,0,0,NA,NA,NA,3022.952637,0.865932584,4.261384964,12.96000004,7
1331,0,0,0,0,0,0,0,NA,0,2,1,0,0,NA,NA,NA,3000.848389,0.798174679,4.284465313,26.60000038,12
1398,0,0,0,0,0,0,0,0,NA,NA,NA,NA,NA,NA,NA,NA,3142.786621,0.663474202,4.439053535,4.519999981,7
1402,0,0,0,0,0,0,NA,NA,2,0,0,2,2,NA,NA,NA,3440.846191,0.841608703,4.06704855,1,16
1267,0,0,0,0,0,0,0,0,0,0,0,NA,NA,NA,NA,NA,3022.952637,0.865932584,4.135434628,12.96000004,7
1403,0,0,0,0,0,0,0,0,NA,NA,NA,NA,NA,NA,NA,NA,3493.51709,0.90904808,3.601403236,0.600000024,3
1266,0,0,0,0,0,0,0,0,0,0,2,1,2,NA,NA,NA,3213.01709,0.866139412,3.952122927,13,1
1128,0,1,0,0,0,0,0,0,0,0,0,0,NA,NA,NA,NA,2934.636963,0.85815376,4.030962944,8.159999847,2
250,2,2,2,0,2,0,0,2,0,0,0,0,0,0,NA,NA,781.2392578,0.968219519,3.619420767,2.160000086,12
389,0,2,0,0,0,2,0,0,NA,NA,NA,NA,NA,NA,NA,NA,620.4575806,0.937318683,3.705734968,13.27999973,9
319,0,0,0,2,0,0,0,0,0,0,0,0,0,0,NA,NA,595.9742432,0.958911002,3.291032553,2.079999924,12
318,2,0,0,0,0,0,0,NA,0,0,0,0,0,0,0,NA,781.2392578,0.968219519,3.335210562,2.160000086,12
317,0,0,0,0,0,0,0,NA,NA,NA,NA,NA,NA,NA,NA,NA,809.3536377,0.986117184,3.36858654,2.599999905,0
386,0,0,0,0,0,0,0,0,0,0,0,0,0,0,0,NA,1039.524536,0.993982494,3.402836561,2.720000029,6
387,0,0,0,0,0,0,0,NA,0,0,0,0,0,0,NA,NA,948.2518311,0.984947026,3.402836561,5.679999828,11
454,0,0,0,0,0,0,0,NA,0,0,0,0,0,0,NA,NA,1234.373901,0.97432524,3.601944208,13.56000042,8
385,0,NA,NA,NA,NA,NA,NA,NA,0,0,0,0,0,0,0,NA,1321.270996,0.991817057,3.311038017,1.24000001,14
316,0,0,0,0,0,0,0,NA,0,0,0,0,0,0,0,NA,835.1320801,0.973512769,3.348137856,11.84000015,4
384,0,0,0,0,0,0,0,NA,0,0,0,0,0,0,NA,NA,1009.518005,0.980205059,2.9931705,5.440000057,4
451,0,0,0,0,0,0,2,NA,NA,NA,NA,NA,NA,NA,NA,NA,787.3915405,0.954858541,4.359679222,18,5
521,0,0,0,0,0,0,NA,NA,0,1,1,0,1,0,0,NA,1678.471069,0.996963263,3.485093355,0,20
502,0,0,0,0,0,0,NA,NA,NA,NA,NA,NA,NA,NA,NA,NA,1447.912476,0.948580265,3.694843054,32.79999924,29
517,0,0,0,0,0,NA,NA,NA,0,0,0,0,0,0,NA,NA,1521.680908,0.971807063,3.911952019,14.31999969,60
520,0,0,0,NA,NA,NA,NA,NA,0,0,0,0,0,0,0,NA,1040.480957,0.95340085,3.837758064,4.400000095,10
586,0,2,2,0,0,NA,NA,NA,2,0,2,0,0,0,NA,NA,2035.66394,0.974801838,4.457797527,0.959999979,0
656,0,NA,NA,NA,NA,NA,NA,NA,0,0,0,0,0,0,NA,NA,1303.434814,0.96456641,4.026404381,3.359999895,28
589,0,2,0,0,0,NA,NA,NA,1,2,0,0,0,0,NA,NA,1963.64856,0.978822589,4.281694889,0.560000002,35
657,2,0,0,0,0,0,NA,NA,0,0,0,0,0,0,NA,NA,1963.64856,0.978822589,4.281694889,0.560000002,35
655,0,0,0,0,0,0,NA,NA,3,0,0,0,0,0,0,NA,2360.338623,0.989312768,3.738650084,0.200000003,6
654,0,1,0,0,0,0,NA,NA,2,0,2,0,NA,NA,NA,NA,2035.66394,0.974801838,3.499446869,0.959999979,45
653,0,2,2,0,1,0,NA,NA,0,0,0,0,0,0,NA,NA,1134.161011,0.947264254,3.662964344,8,11
720,1,0,0,0,0,0,NA,NA,1,0,0,1,0,0,0,NA,1273.272339,0.958970189,3.357727051,10.19999981,6
721,0,0,0,0,0,0,NA,NA,0,0,0,0,0,0,0,NA,1688.209351,0.963396192,3.662964344,6.159999847,95
519,0,0,0,0,0,0,NA,NA,0,0,0,0,0,0,NA,NA,989.9405518,0.974083602,3.521173954,8.880000114,0
725,0,0,2,0,0,0,NA,NA,0,0,0,0,0,0,0,NA,2269.261963,0.957321048,4.379151821,4.639999866,28
792,0,0,0,0,0,2,NA,NA,0,1,0,1,0,0,0,NA,1461.498657,0.889354646,4.367922783,9.43999958,16
518,0,0,1,0,1,0,0,0,0,0,0,0,0,0,NA,NA,989.9405518,0.974083602,3.521173954,8.880000114,0
790,0,0,0,1,0,NA,NA,NA,0,0,0,0,0,0,0,NA,2250.950195,0.989744902,3.868135214,0.400000006,4
789,0,0,0,0,0,0,0,NA,1,1,1,0,0,0,NA,NA,1959.934814,0.981592834,3.162016869,8.239999771,95
716,2,2,2,2,2,0,NA,NA,NA,NA,NA,NA,NA,NA,NA,NA,1886.825684,0.99669534,3.755082607,7.360000134,3
784,1,1,0,0,0,1,1,0,0,0,0,0,0,NA,NA,NA,2066.835938,0.999831617,3.372943163,0.039999999,11
788,0,0,0,0,0,NA,NA,NA,1,0,1,1,0,0,NA,NA,1570.222656,0.975699663,3.537192106,6.519999981,23
791,0,1,0,0,0,NA,NA,NA,0,1,0,0,0,0,NA,NA,1642.539307,0.866086364,4.473421574,14.23999977,25
793,2,0,0,0,0,0,NA,NA,3,0,1,0,1,1,NA,NA,2444.315186,0.957246721,4.553841114,2.24000001,109
860,2,0,0,0,NA,NA,NA,NA,0,0,0,0,0,0,0,NA,2444.315186,0.957246721,3.989549398,2.24000001,178
858,0,1,0,0,0,0,0,0,0,0,0,2,1,0,NA,NA,2662.806885,0.965996325,3.575431108,0.039999999,31
857,1,0,0,1,0,NA,NA,NA,1,1,1,1,1,1,1,NA,2244.122803,0.994797826,4.116127968,0.600000024,46
856,0,1,0,0,0,0,0,0,0,0,0,1,0,1,NA,NA,2142.238525,0.998431206,3.769258499,0.319999993,15
854,0,0,0,0,0,NA,NA,NA,0,0,0,0,0,NA,NA,NA,1859.185181,0.953099787,3.67685318,3.75999999,49
923,0,0,0,0,0,0,0,0,NA,NA,NA,NA,NA,NA,NA,NA,3137.361084,0.960072041,3.62862587,0.159999996,0
926,0,0,0,0,0,0,0,0,1,0,1,1,0,0,NA,NA,2817.403076,0.988404512,3.575431108,0.159999996,18
922,1,1,0,0,3,1,0,0,1,0,0,0,0,NA,NA,NA,1958.892212,0.983712316,3.930562973,0.680000007,39
990,0,0,0,0,0,1,0,0,0,0,1,0,0,NA,NA,NA,3273.250244,0.749078929,3.813939333,0.75999999,39
992,0,0,0,0,0,0,0,0,1,0,0,0,0,NA,NA,NA,4104.810059,0.495768875,3.256523848,0.079999998,0
1058,0,2,0,3,0,0,0,1,0,0,0,0,0,NA,NA,NA,2564.908936,0.881170332,3.880405188,1,0
1057,0,1,2,0,3,0,0,0,0,0,0,1,0,NA,NA,NA,3231.805176,0.878726542,3.880405188,1.200000048,0
1056,2,0,2,0,2,NA,NA,NA,0,0,0,0,0,NA,NA,NA,2900.646729,0.856190979,4.294103622,2.480000019,1
1124,0,0,0,0,0,0,0,0,0,0,0,NA,NA,NA,NA,NA,2654.446289,0.907679975,4.101080894,23.76000023,2
1190,1,1,1,1,3,0,0,NA,0,0,0,0,0,NA,NA,NA,2221.445068,0.874910712,4.162214279,40.63999939,1
1189,0,1,0,NA,NA,NA,NA,NA,NA,NA,NA,NA,NA,NA,NA,NA,2909.321045,0.920704603,4.26045084,6.880000114,6
1257,0,0,1,NA,NA,NA,NA,NA,0,0,0,0,0,NA,NA,NA,3120.117188,0.934706569,4.26045084,2.440000057,13
1258,1,0,0,1,0,0,0,0,0,0,0,0,1,0,NA,NA,2548.123291,0.937877417,3.306821346,8.199999809,4
1260,0,0,0,0,NA,NA,NA,NA,0,0,1,2,NA,NA,NA,NA,2856.438232,0.873511434,3.983126879,21.87999916,4
1259,0,0,0,0,0,0,0,0,0,0,0,0,0,NA,NA,NA,3081.169434,0.969877779,3.860835075,0.319999993,3
1324,0,1,0,0,0,0,0,0,0,0,0,0,0,NA,NA,NA,3141.84082,0.747628868,3.49152422,20.31999969,12
1325,0,0,0,0,0,NA,NA,NA,0,0,0,0,0,NA,NA,NA,2885.967773,0.945861638,3.338009834,0.400000006,0
1327,1,0,0,1,NA,NA,NA,NA,0,0,0,0,0,NA,NA,NA,2649.302002,0.915874362,3.62825036,8.760000229,48
1328,0,0,0,0,0,NA,NA,NA,NA,NA,NA,NA,NA,NA,NA,NA,3081.169434,0.969877779,3.481914282,0.319999993,8
1396,0,NA,NA,NA,NA,NA,NA,NA,0,0,1,0,0,0,NA,NA,3206.761475,0.935437083,3.395269394,0.479999989,11
1394,0,0,0,0,0,0,0,0,0,0,0,NA,NA,NA,NA,NA,2649.302002,0.915874362,3.630025148,8.760000229,34
1409,0,0,0,0,0,0,NA,NA,NA,NA,NA,NA,NA,NA,NA,NA,1781.040161,0.545512915,4.934323311,27.79999924,7
1462,1,0,0,0,0,0,0,NA,0,0,0,0,0,0,NA,NA,2810.739014,0.983145595,3.544938087,0.200000003,1
1340,0,0,0,0,0,NA,NA,NA,0,0,0,0,0,0,0,0,2472.453369,0.828663945,4.403003216,8.43999958,5
1342,0,0,2,0,NA,NA,NA,NA,0,0,0,0,NA,NA,NA,NA,2213.308838,0.944829643,4.358608246,4.639999866,9
591,0,0,0,0,0,0,NA,NA,NA,NA,NA,NA,NA,NA,NA,NA,1573.683472,0.947521269,3.781405687,23.68000031,77
592,0,0,0,0,0,0,NA,NA,NA,NA,NA,NA,NA,NA,NA,NA,1224.987427,0.932430565,3.529079199,24.71999931,8
593,0,0,0,0,NA,NA,NA,NA,0,0,0,0,0,0,2,0,926.4683228,0.955591798,4.222532749,5.559999943,18
658,0,0,0,0,0,0,NA,NA,NA,NA,NA,NA,NA,NA,NA,NA,2094.102295,0.991274536,3.619843006,0.600000024,5
660,0,0,0,0,0,0,NA,NA,0,0,0,0,0,0,0,NA,1929.677612,0.968683362,4.02023077,5.239999771,14
661,0,0,0,0,0,0,NA,NA,0,0,2,0,0,0,0,0,1329.020752,0.955434144,4.33719492,1.200000048,18
728,0,0,0,0,0,2,NA,NA,0,0,0,2,0,0,NA,NA,2015.8573,0.996023774,4.042596817,0.079999998,11
729,0,0,0,0,0,0,NA,NA,NA,NA,NA,NA,NA,NA,NA,NA,1501.690308,0.977247536,3.766018629,2.039999962,18
731,0,2,0,0,0,0,NA,NA,0,0,0,0,0,0,0,0,1832.637207,0.938412368,3.779079437,5.800000191,22
795,0,0,0,0,NA,NA,NA,NA,2,0,0,0,0,0,0,0,2373.882324,0.974908412,3.917026281,2.440000057,3
796,0,0,0,0,2,0,NA,NA,0,0,0,0,NA,NA,NA,NA,1586.451904,0.993963182,3.83004427,1.080000043,33
797,0,0,0,0,NA,NA,NA,NA,NA,NA,NA,NA,NA,NA,NA,NA,1062.20874,0.906888843,3.837952137,6.840000153,15
861,0,2,0,0,0,0,NA,NA,NA,NA,NA,NA,NA,NA,NA,NA,2444.315186,0.957246721,4.553841114,2.24000001,178
864,0,0,0,0,0,0,NA,NA,2,2,0,0,0,NA,NA,NA,1401.680542,0.963081658,3.83321023,8.399999619,22
865,0,NA,NA,NA,NA,NA,NA,NA,0,2,0,0,0,0,NA,NA,960.7669067,0.812065482,3.949719429,27.36000061,2
1071,0,0,0,0,0,0,0,NA,0,2,2,2,2,2,2,NA,2393.511719,0.99029845,3.927208185,0.159999996,2
1073,0,0,2,0,0,0,NA,NA,0,0,0,0,2,0,0,0,2575.265381,0.978159428,4.092945099,2.640000105,0
1273,0,0,0,0,0,0,NA,NA,NA,NA,NA,NA,NA,NA,NA,NA,1663.694946,0.654882491,4.353147507,14.76000023,0
1206,0,0,0,0,0,NA,NA,NA,NA,NA,NA,NA,NA,NA,NA,NA,3247.901367,0.983325899,3.914077759,0.400000006,0
1478,0,NA,NA,NA,NA,NA,NA,NA,0,0,0,0,0,NA,NA,NA,2138.035645,0.866845429,3.825730562,12.39999962,5
1613,0,0,0,2,0,0,NA,NA,NA,NA,NA,NA,NA,NA,NA,NA,2647.741211,0.872212946,3.726864338,7.320000172,0
1614,0,0,0,0,NA,NA,NA,NA,NA,NA,NA,NA,NA,NA,NA,NA,2769.233643,0.927518368,3.38168788,3.75999999,2
1750,0,NA,NA,NA,NA,NA,NA,NA,NA,NA,NA,NA,NA,NA,NA,NA,4322.014648,NA,3.846946955,0.159999996,NA
1407,0,2,0,0,NA,NA,NA,NA,NA,NA,NA,NA,NA,NA,NA,NA,2607.730225,0.881622732,4.403003216,10.31999969,7
1476,0,0,0,0,NA,NA,NA,NA,NA,NA,NA,NA,NA,NA,NA,NA,2511.234375,0.967832863,3.823034525,3.160000086,14
1477,0,0,0,0,NA,NA,NA,NA,NA,NA,NA,NA,NA,NA,NA,NA,1851.176392,0.826618731,3.899923563,18.07999992,15
1475,0,0,0,0,NA,NA,NA,NA,0,0,0,0,0,0,NA,NA,2511.234375,0.967832863,3.645282269,3.160000086,14
1611,0,0,0,0,0,NA,NA,NA,NA,NA,NA,NA,NA,NA,NA,NA,2112.610596,0.974009573,3.510767937,2.680000067,3
1129,0,0,0,0,0,0,NA,NA,0,0,1,1,0,0,0,0,3409.022217,0.913383067,4.030962944,0.75999999,2
1062,2,0,0,0,0,0,0,NA,1,0,0,NA,NA,NA,NA,NA,2894.870361,0.952626109,4.761314869,0.239999995,1
1063,0,0,0,0,0,0,0,NA,NA,NA,NA,NA,NA,NA,NA,NA,2894.870361,0.952626109,3.941759825,0.239999995,1
1053,0,0,2,0,0,0,0,NA,0,0,0,0,NA,NA,NA,NA,4052.364746,0.461874008,3.207130194,0.239999995,NA
995,2,0,0,1,0,0,0,NA,0,0,1,0,NA,NA,NA,NA,3041.074951,0.920303166,3.941759825,0.239999995,3
928,2,0,0,0,0,NA,NA,NA,0,0,0,0,0,NA,NA,NA,2580.503174,0.970854104,4.85861969,0.200000003,1
997,0,NA,NA,NA,NA,NA,NA,NA,0,0,0,1,NA,NA,NA,NA,3492.949463,0.978097081,3.696074009,0.680000007,0
1066,0,0,0,0,0,0,0,NA,0,0,0,0,NA,NA,NA,NA,3402.541992,0.893092811,3.772783518,8.119999886,0
930,0,0,0,0,2,0,0,NA,0,0,0,NA,NA,NA,NA,NA,2712.288818,0.965159476,3.732450724,0.280000001,0
1000,0,0,0,0,0,0,0,NA,0,0,0,0,0,NA,NA,NA,1990.664307,0.994163871,3.691176414,1,0
1001,0,0,0,0,0,0,0,NA,NA,NA,NA,NA,NA,NA,NA,NA,1419.573364,0.930297554,4.328253269,10.23999977,0
1068,0,2,0,0,0,2,0,NA,0,0,2,0,2,NA,NA,NA,1694.346924,0.919223428,3.969312906,9.079999924,0
1203,0,NA,NA,NA,NA,NA,NA,NA,0,0,0,0,0,0,0,0,2247.874268,0.884171903,4.213993073,7.880000114,0
1204,0,2,0,0,0,0,0,NA,NA,NA,NA,NA,NA,NA,NA,NA,1725.180542,0.862108946,4.213993073,9.680000305,0
1270,0,0,0,0,NA,NA,NA,NA,0,0,NA,NA,NA,NA,NA,NA,2692.021484,0.964676082,3.429389238,0.239999995,0
1271,2,2,2,2,2,2,2,NA,NA,NA,NA,NA,NA,NA,NA,NA,2162.038574,0.885472059,4.448803902,7.440000057,0
1339,0,0,0,0,0,0,0,NA,0,0,0,0,0,0,0,0,2162.038574,0.885472059,3.61783123,7.440000057,0
1141,2,0,0,0,0,0,0,0,0,0,0,0,0,NA,NA,NA,2575.265381,0.978159428,4.092945099,2.640000105,0
1208,0,0,0,0,0,2,0,0,0,0,0,0,0,NA,NA,NA,2677.501221,0.986884475,3.857718468,1.919999957,10
1277,0,0,0,0,0,0,1,0,0,0,0,0,0,0,0,0,3251.694092,0.990651906,4.070568562,0.079999998,0
1276,0,0,0,0,2,0,0,0,NA,NA,NA,NA,NA,NA,NA,NA,2815.138916,0.939448774,4.247751713,2.160000086,0
1207,0,0,0,0,0,0,0,0,NA,NA,NA,NA,NA,NA,NA,NA,2677.501221,0.986884475,4.247751713,1.919999957,10
1275,0,0,NA,NA,NA,NA,NA,NA,0,0,0,0,NA,NA,NA,NA,3247.901367,0.983325899,3.914077759,0.400000006,0
1411,2,0,0,0,0,2,2,0,0,0,0,0,0,NA,NA,NA,2923.583252,0.969647169,3.329648733,0.079999998,28
1479,0,0,0,0,0,3,0,0,NA,NA,NA,NA,NA,NA,NA,NA,2610.385742,0.994721234,3.77879405,0,0
1547,0,0,0,0,0,0,0,0,0,NA,NA,NA,NA,NA,NA,NA,2331.457275,0.984836519,3.961483955,2.960000038,9
1548,0,0,0,0,0,0,0,NA,0,0,0,0,0,NA,NA,NA,3255.663818,0.976448894,4.02869463,0,10
1751,0,0,0,0,0,0,0,0,0,0,0,0,NA,NA,NA,NA,3568.547363,0.784557998,4.336294174,1.960000038,0
1819,0,0,0,0,NA,NA,NA,NA,0,0,2,0,NA,NA,NA,NA,4030.860596,NA,4.847169399,1,NA
1887,0,0,0,NA,NA,NA,NA,NA,0,0,0,2,0,NA,NA,NA,4105.310059,0.506481051,4.97191143,0.119999997,0
1888,0,0,0,0,0,0,0,0,NA,NA,NA,NA,NA,NA,NA,NA,4106.865723,NA,4.823996544,2.559999943,NA
1413,2,2,1,0,0,0,0,0,0,0,0,0,NA,NA,NA,NA,3115.502441,0.988259196,3.76063633,0,11
1481,0,0,0,0,0,0,0,0,0,0,0,0,NA,NA,NA,NA,2891.476563,0.985975504,3.799244881,0,0
1549,0,0,0,NA,NA,NA,NA,NA,NA,NA,NA,NA,NA,NA,NA,NA,2754.452148,0.943802536,3.878051996,9.119999886,1
1550,0,0,0,2,0,2,0,2,0,0,0,0,0,NA,NA,NA,2514.127441,0.893261731,3.845379353,12.88000011,5
1551,0,0,0,0,0,0,0,0,NA,NA,NA,NA,NA,NA,NA,NA,2987.642822,0.95485872,3.899479389,3.440000057,1
1552,0,0,0,0,0,0,0,0,2,2,2,2,0,2,0,NA,2743.807617,0.977542162,4.025905609,4.559999943,2
1620,0,0,0,0,0,2,2,2,NA,NA,NA,NA,NA,NA,NA,NA,3697.789551,0.535276592,4.427498341,0.239999995,2
1618,2,0,0,0,0,0,2,0,0,0,0,0,0,NA,NA,NA,2803.730957,0.93978864,4.305189133,19.84000015,0
1617,0,0,NA,NA,NA,NA,NA,NA,0,0,0,0,NA,NA,NA,NA,2917.606689,0.933078587,3.811488152,10.96000004,0
1685,0,0,0,0,NA,NA,NA,NA,0,0,0,0,NA,NA,NA,NA,3241.879639,0.876270711,3.811488152,0.720000029,1
737,0,0,0,0,0,0,0,0,NA,NA,NA,NA,NA,NA,NA,NA,2214.198486,0.831441581,3.282248974,65.19999695,50
738,0,0,0,0,0,0,0,NA,0,0,0,0,0,0,0,NA,2147.753174,0.799570441,3.222733021,24.95999908,28
942,0,2,2,0,0,2,0,0,0,0,0,0,NA,NA,NA,NA,2438.215576,0.893164039,4.574234962,7.920000076,3
944,0,0,0,NA,NA,NA,NA,NA,NA,NA,NA,NA,NA,NA,NA,NA,3267.01123,0.888869107,4.105809212,1.600000024,0
1012,0,0,0,NA,NA,NA,NA,NA,2,0,0,0,NA,NA,NA,NA,2776.049561,0.687203228,4.105809212,10.96000004,11
1078,2,0,0,2,2,0,2,0,NA,NA,NA,NA,NA,NA,NA,NA,2488.703857,0.945803106,3.646067858,26,48
1147,2,2,0,2,0,0,0,0,NA,NA,NA,NA,NA,NA,NA,NA,2503.70874,0.949416578,3.744430542,19.68000031,26
1080,0,0,0,0,0,0,0,0,0,0,0,0,NA,NA,NA,NA,2512.569092,0.930048645,4.239059448,25.71999931,2
1146,0,0,0,NA,NA,NA,NA,NA,NA,NA,NA,NA,NA,NA,NA,NA,2503.70874,0.949416578,3.381379366,19.68000031,26
1148,0,0,0,0,0,0,0,NA,NA,NA,NA,NA,NA,NA,NA,NA,2512.569092,0.930048645,3.473095417,25.71999931,2
1278,0,0,0,0,0,0,NA,NA,0,2,0,0,0,NA,NA,NA,2727.797363,0.984915316,3.514787912,0.560000002,4
1281,0,0,0,0,0,0,NA,NA,0,0,0,0,0,NA,NA,NA,3078.213867,NA,2.342595816,0,NA
1279,2,0,0,0,0,0,0,0,NA,NA,NA,NA,NA,NA,NA,NA,2586.724854,0.988874674,3.430726528,2.160000086,10
1280,0,0,0,0,0,0,0,NA,0,0,0,0,NA,NA,NA,NA,2358.868164,0.841048777,2.342595816,43.52000046,5
1345,0,0,0,0,0,0,NA,NA,0,0,0,0,0,NA,NA,NA,2725.594727,0.987890601,3.794759512,1.75999999,6
1348,0,0,0,0,0,0,0,0,2,0,0,0,NA,NA,NA,NA,2586.724854,0.988874674,3.719033718,2.160000086,10
1414,0,0,0,0,0,0,NA,NA,0,0,0,0,NA,NA,NA,NA,2747.910645,0.951194644,3.794759512,2.559999943,3
1416,2,0,2,0,0,0,NA,NA,0,0,0,2,0,0,0,0,2890.400391,0.943403184,3.212441206,3.440000057,4
1483,2,0,0,0,0,0,NA,NA,0,0,0,0,0,0,2,NA,2987.642822,0.95485872,3.899479389,3.440000057,1
1484,0,2,0,0,2,0,NA,NA,NA,NA,NA,NA,NA,NA,NA,NA,3123.260986,0.862140357,3.212441206,0.079999998,0
813,0,0,0,2,0,0,0,0,NA,NA,NA,NA,NA,NA,NA,NA,2444.672363,0.92997402,3.508239031,3.599999905,0
809,0,0,0,0,0,0,0,0,NA,NA,NA,NA,NA,NA,NA,NA,3918.889893,0.512640834,3.73754406,0.800000012,6
810,0,0,0,0,0,2,0,2,NA,NA,NA,NA,NA,NA,NA,NA,3467.97583,0.703295469,3.807174444,0.319999993,2
881,0,0,0,0,0,0,1,0,0,0,0,0,0,0,NA,NA,3040.349121,0.94148767,3.852002382,0.479999989,0
814,0,0,0,0,0,0,NA,NA,0,0,0,0,0,0,0,0,3177.855225,NA,3.629883766,0.879999995,NA
946,0,0,2,0,0,0,0,0,NA,NA,NA,NA,NA,NA,NA,NA,3501.826416,0.758060575,3.801646709,73.91999817,0
1014,0,0,0,0,0,0,0,0,0,0,0,0,0,0,NA,NA,3708.898438,0.566830456,3.94974637,1.600000024,0
947,0,0,0,0,0,0,0,0,0,0,0,0,0,0,NA,NA,3770.336426,0.562306464,3.761753082,0.560000002,0
948,0,0,0,0,0,0,0,0,0,0,0,0,0,0,NA,NA,3857.73291,0.646069169,3.61805582,0.639999986,0
949,0,NA,NA,NA,NA,NA,NA,NA,0,0,0,0,0,0,0,0,4155.48877,0.25838846,3.57293725,2.079999924,NA
1015,0,NA,NA,NA,NA,NA,NA,NA,0,0,0,0,0,0,NA,NA,3440.291504,0.798094749,3.641255617,1.919999957,0
1084,0,NA,NA,NA,NA,NA,NA,NA,0,0,0,0,0,0,NA,NA,3620.919189,0.788590908,3.870479584,2.960000038,0
1085,0,0,0,0,0,NA,NA,NA,0,0,0,0,0,0,NA,NA,4043.211426,0.470281214,3.601562023,1.679999948,0
1082,0,0,0,NA,NA,NA,NA,NA,0,0,0,0,0,NA,NA,NA,2566.454102,0.825064123,3.669824839,35.84000015,1
1150,0,0,0,NA,NA,NA,NA,NA,0,0,0,0,0,0,0,0,2566.454102,0.825064123,3.758684635,35.84000015,1
1151,0,0,0,0,NA,NA,NA,NA,0,0,0,NA,NA,NA,NA,NA,3795.942627,NA,3.661360979,1.440000057,NA
1152,0,0,0,0,NA,NA,NA,NA,0,0,0,0,0,0,NA,NA,3348.429443,0.812220991,2.866261721,72.44000244,0
1153,0,0,0,0,0,0,NA,NA,0,NA,NA,NA,NA,NA,NA,NA,3917.900879,0.662327349,3.141876221,2.559999943,NA
338,2,2,0,0,0,0,NA,NA,0,2,0,0,2,0,NA,NA,382.4610596,0.89195627,3.575123549,3.039999962,4
406,0,0,0,0,0,0,NA,NA,0,0,0,0,0,0,NA,NA,844.4146118,0.977268875,3.744073391,0.800000012,28
474,0,0,0,0,NA,NA,NA,NA,0,0,0,0,NA,NA,NA,NA,1085.320801,0.987561703,3.744073391,0.360000014,9
405,0,0,0,0,0,2,0,0,0,2,0,0,0,0,NA,NA,877.3890991,0.995020151,3.736222744,0.600000024,16
473,0,0,0,0,NA,NA,NA,NA,0,0,0,0,0,0,NA,NA,1561.014404,0.998185635,3.856747627,0,14
609,0,0,0,0,0,0,0,0,0,2,0,3,2,0,NA,NA,1310.378784,0.946755826,3.670606375,14.27999973,6
677,0,0,0,0,0,0,0,0,0,0,0,0,0,0,NA,NA,2096.991943,0.950653911,3.830754042,1.919999957,3
745,0,0,0,NA,NA,NA,NA,NA,0,0,0,NA,NA,NA,NA,NA,1990.219238,0.891757131,3.508239031,19.44000053,38
812,0,0,0,0,0,0,0,NA,0,0,0,NA,NA,NA,NA,NA,2628.696045,0.930576801,3.883479118,0.800000012,5
676,0,0,0,0,0,0,0,0,0,0,0,NA,NA,NA,NA,NA,1973.812622,0.886105895,3.662429094,2.880000114,10
540,0,0,0,0,0,0,0,0,0,NA,NA,NA,NA,NA,NA,NA,2008.343994,0.999384105,3.703279734,0,2
402,0,2,0,0,NA,NA,NA,NA,0,0,0,NA,NA,NA,NA,NA,610.5854492,0.863514602,3.521947145,0.600000024,4
471,0,0,0,0,0,0,0,NA,0,0,0,0,0,0,NA,NA,1632.712646,0.98539871,3.514337063,0.200000003,2
539,0,0,NA,NA,NA,NA,NA,NA,0,0,0,0,NA,NA,NA,NA,1632.712646,0.98539871,3.514337063,0.200000003,2
607,0,0,0,0,0,0,0,0,0,0,0,0,0,0,NA,NA,2471.957031,0.967474759,3.843646765,0.439999998,0
675,0,2,0,0,0,0,0,NA,0,0,0,0,0,0,NA,NA,2210.219727,0.929235578,3.79386282,2.720000029,0
742,0,0,0,0,0,0,0,0,2,0,2,0,0,0,NA,NA,1862.037476,0.879075587,3.79386282,13.56000042,4
674,0,0,0,0,0,0,0,NA,0,0,0,NA,NA,NA,NA,NA,2577.948975,0.920128524,3.542753458,0.239999995,7
538,0,0,0,0,0,0,0,0,0,0,0,0,0,0,NA,NA,2616.340332,0.983918667,3.791884184,0.079999998,0
333,0,0,1,0,0,0,0,NA,0,0,0,NA,NA,NA,NA,NA,489.0946655,0.966299951,2.698274374,2.559999943,46
401,0,0,0,NA,NA,NA,NA,NA,0,NA,NA,NA,NA,NA,NA,NA,845.5134888,0.965513766,3.579694986,0.159999996,192
469,0,0,0,0,0,0,0,NA,0,0,0,0,0,0,NA,NA,1487.447021,0.989486039,3.649993658,0.039999999,94
536,0,0,0,0,0,NA,NA,NA,0,0,0,0,2,2,2,NA,1877.638184,0.991905093,3.563175917,0,17
468,0,0,0,0,0,0,NA,NA,NA,NA,NA,NA,NA,NA,NA,NA,1485.226685,0.962406397,3.552742481,2.640000105,19
264,0,0,0,0,NA,NA,NA,NA,0,0,0,0,0,0,0,NA,419.9577332,0.832231283,3.849827766,64.19999695,25
263,2,0,0,0,NA,NA,NA,NA,0,0,0,NA,NA,NA,NA,NA,318.3153381,0.871986747,2.44271493,12.35999966,21
535,0,0,2,0,NA,NA,NA,NA,0,0,0,2,0,0,0,NA,1678.981689,0.967123508,3.835963726,5.28000021,33
602,0,0,0,NA,NA,NA,NA,NA,NA,NA,NA,NA,NA,NA,NA,NA,2636.053711,0.943368316,3.835963726,0.039999999,13
534,0,0,NA,NA,NA,NA,NA,NA,0,0,0,0,0,0,0,0,1995.450439,0.965373456,3.444806099,1.440000057,3
398,0,0,2,0,NA,NA,NA,NA,0,0,0,0,0,0,0,NA,721.4208984,0.902767539,4.139267445,46,13
262,0,0,2,0,0,0,0,0,0,2,2,0,0,2,0,NA,1035.620483,0.987110376,3.839625835,8.920000076,116
261,0,0,0,0,0,0,NA,NA,NA,NA,NA,NA,NA,NA,NA,NA,375.8578186,0.981650174,3.83396697,0.360000014,1
329,0,0,2,0,0,0,0,0,0,0,0,0,0,0,0,NA,1100.611694,0.991289794,3.83396697,8.880000114,32
396,0,0,0,0,0,0,0,0,0,0,0,0,0,0,NA,NA,1693.286987,0.986111641,3.726469278,7.920000076,48
397,0,0,0,0,0,0,0,NA,0,0,0,0,0,0,NA,NA,1226.74353,0.870445311,3.788321495,45.75999832,7
532,0,0,0,0,0,0,NA,NA,0,0,0,0,0,NA,NA,NA,1553.233154,0.91455549,3.724628448,45.52000046,29
328,0,0,0,0,0,0,NA,NA,0,0,0,0,0,0,NA,NA,1484.84314,0.981755674,3.757318735,8.079999924,81
259,0,0,0,0,0,0,0,0,0,0,0,0,0,0,NA,NA,449.3267822,0.974546432,3.680860996,23,8
327,0,0,0,0,0,NA,NA,NA,0,0,0,0,0,NA,NA,NA,881.4038696,0.976653337,3.84689188,70.40000153,46
464,0,0,0,0,0,0,NA,NA,0,0,0,0,0,0,0,NA,1528.279297,0.967094064,3.724628448,11.31999969,7
531,0,0,0,0,0,0,0,0,0,0,0,0,0,0,NA,NA,1874.022095,0.986272216,3.741909981,1.960000038,1
666,0,0,NA,NA,NA,NA,NA,NA,0,0,0,0,0,0,0,NA,1102.88147,0.896107197,3.382651806,20.95999908,0
598,0,0,0,0,0,0,NA,NA,0,0,0,0,0,NA,NA,NA,1678.345337,0.945074558,3.755809069,40.11999893,14
530,2,2,0,NA,NA,NA,NA,NA,0,0,0,0,NA,NA,NA,NA,1609.255127,0.952993512,3.449775696,54.20000076,29
462,0,0,0,NA,NA,NA,NA,NA,2,2,0,2,0,NA,NA,NA,1748.536865,0.996219158,3.449775696,0.839999974,10
258,0,0,0,0,0,0,NA,NA,NA,NA,NA,NA,NA,NA,NA,NA,785.6987305,0.995179534,3.799097061,1.200000048,NA
257,0,0,0,0,0,0,0,0,0,0,0,0,0,0,NA,NA,478.5072632,NA,3.709970236,0.479999989,NA
529,0,0,0,NA,NA,NA,NA,NA,2,0,0,0,0,NA,NA,NA,1108.23645,0.900476217,4.009836674,97.40000153,NA
596,2,0,2,0,NA,NA,NA,NA,0,0,0,0,0,NA,NA,NA,1135.58667,0.926568866,3.810704947,19.95999908,NA
527,0,0,NA,NA,NA,NA,NA,NA,0,0,0,0,0,0,NA,NA,1508.71167,0.947061658,3.577444315,48,NA
324,0,0,0,0,0,0,0,0,0,0,0,0,0,0,NA,NA,1296.067017,0.979238808,3.658253193,10.47999954,12
188,0,0,0,0,0,0,0,0,0,0,0,0,0,NA,NA,NA,888.2146606,0.992226124,3.545764208,18.44000053,6
187,0,3,2,1,0,0,0,0,0,0,0,1,0,NA,NA,NA,1030.535645,0.99406451,3.372394323,10.72000027,27
322,0,0,0,0,0,0,0,NA,0,0,0,0,0,0,NA,NA,1083.147949,0.993386686,3.191272259,7.199999809,7
391,0,0,0,0,0,0,NA,NA,1,2,0,0,0,0,NA,NA,1267.733643,0.999300539,3.036015272,0,1
390,0,0,0,0,0,0,0,0,0,0,0,0,0,0,NA,NA,885.7612305,0.927597702,3.459350109,71.68000031,7
321,0,0,0,0,NA,NA,NA,NA,0,0,0,0,0,0,NA,NA,673.0477295,0.935723543,3.660513878,40.27999878,15
186,0,0,2,0,0,0,0,0,0,0,0,0,0,0,0,NA,605.663208,0.947646022,3.388536453,70.83999634,11
253,0,0,0,0,0,0,0,0,2,0,0,0,0,0,0,NA,549.2660522,0.981183052,4.003885269,4.960000038,2
1264,NA,NA,NA,NA,NA,NA,NA,NA,0,0,0,0,0,NA,NA,NA,3005.778564,0.878013134,4.59295702,51.72000122,3
1265,NA,NA,NA,NA,NA,NA,NA,NA,0,0,0,0,1,NA,NA,NA,2738.645264,0.772987604,4.272912979,50.52000046,7
1130,NA,NA,NA,NA,NA,NA,NA,NA,1,1,1,0,0,NA,NA,NA,2946.363281,0.85277164,4.028705597,1.840000033,1
1197,NA,NA,NA,NA,NA,NA,NA,NA,1,1,1,1,0,NA,NA,NA,2934.636963,0.85815376,4.272912979,8.159999847,0
1059,NA,NA,NA,NA,NA,NA,NA,NA,0,0,1,0,0,NA,NA,NA,4104.810059,0.495768875,3.599724293,0.079999998,0
1336,NA,NA,NA,NA,NA,NA,NA,NA,0,0,0,0,1,NA,NA,NA,3493.51709,0.90904808,3.601403236,0.600000024,3
855,NA,NA,NA,NA,NA,NA,NA,NA,0,0,2,NA,NA,NA,NA,NA,3137.361084,0.960072041,3.62862587,0.159999996,0
924,NA,NA,NA,NA,NA,NA,NA,NA,0,0,0,0,0,NA,NA,NA,3772.205811,0.718624294,3.950837612,0,0
989,NA,NA,NA,NA,NA,NA,NA,NA,0,0,0,0,0,NA,NA,NA,2152.348633,0.932320893,3.591488361,12.64000034,12
1123,NA,NA,NA,NA,NA,NA,NA,NA,0,0,0,NA,NA,NA,NA,NA,2654.446289,0.907679975,3.632057905,23.76000023,2
1192,NA,NA,NA,NA,NA,NA,NA,NA,0,0,0,0,0,NA,NA,NA,2821.645508,0.931016564,3.632057905,7.960000038,11
1188,NA,NA,NA,NA,NA,NA,NA,NA,1,1,0,0,0,NA,NA,NA,3008.111084,0.821861684,3.81649065,9.880000114,8
1191,NA,NA,NA,NA,NA,NA,NA,NA,0,0,0,0,0,NA,NA,NA,2221.445068,0.874910712,4.162214279,40.63999939,1
1122,NA,NA,NA,NA,NA,NA,NA,NA,0,0,0,0,0,NA,NA,NA,2869.266357,0.887403369,4.013563156,18.95999908,3
1326,NA,NA,NA,NA,NA,NA,NA,NA,0,0,0,0,0,NA,NA,NA,2386.666016,0.855223119,3.630025148,19.04000092,9
1209,NA,NA,NA,NA,NA,NA,NA,NA,0,0,0,0,0,NA,NA,NA,3251.694092,0.990651906,4.070568562,0.079999998,0
1344,NA,NA,NA,NA,NA,NA,NA,NA,2,0,2,0,0,NA,NA,NA,3145.702148,0.985696197,3.684545755,0,6
1412,NA,NA,NA,NA,NA,NA,NA,NA,0,0,0,0,NA,NA,NA,NA,3414.888184,0.91093713,3.890366793,0,11
1343,NA,NA,NA,NA,NA,NA,NA,NA,0,0,0,0,NA,NA,NA,NA,3327.33374,0.993823886,3.583898067,0,6
1480,NA,NA,NA,NA,NA,NA,NA,NA,0,0,0,0,0,NA,NA,NA,3414.888184,0.91093713,3.890366793,0,10
1615,NA,NA,NA,NA,NA,NA,NA,NA,0,0,0,0,NA,NA,NA,NA,2754.790039,0.980457067,4.043252468,1.639999986,22
1683,NA,NA,NA,NA,NA,NA,NA,NA,0,0,2,0,NA,NA,NA,NA,2869.702393,0.891867161,4.043252468,5.920000076,29
1754,NA,NA,NA,NA,NA,NA,NA,NA,0,0,0,0,0,NA,NA,NA,3571.449219,0.761239052,4.391050339,0.560000002,0
1686,NA,NA,NA,NA,NA,NA,NA,NA,0,0,0,0,NA,NA,NA,NA,2930.595703,0.972222447,4.305189133,1.440000057,0
1687,NA,NA,NA,NA,NA,NA,NA,NA,0,0,0,0,0,NA,NA,NA,3458.994385,0.941628516,4.889763832,0.159999996,0
1821,NA,NA,NA,NA,NA,NA,NA,NA,0,0,0,0,NA,NA,NA,NA,3991.432373,0.502454281,5.573023796,0.159999996,0
1210,NA,NA,NA,NA,NA,NA,NA,NA,0,0,0,0,NA,NA,NA,NA,3133.185547,0.97660166,3.671410561,0.879999995,0
295,NA,NA,NA,NA,NA,NA,NA,NA,1,0,0,0,0,0,NA,NA,975.5484009,0.974922538,4.40472126,24.15999985,81
363,NA,NA,NA,NA,NA,NA,NA,NA,0,0,0,0,0,0,0,NA,1272.603638,0.980680764,4.381213188,37.75999832,NA
362,NA,NA,NA,NA,NA,NA,NA,NA,1,0,0,0,0,1,0,NA,1992.216064,0.999442577,4.180141449,5.679999828,26
633,NA,NA,NA,NA,NA,NA,NA,NA,0,0,0,0,0,0,NA,NA,2147.08667,0.998660326,3.960060596,0.039999999,32
500,NA,NA,NA,NA,NA,NA,NA,NA,0,0,0,0,0,1,NA,NA,1276.56311,0.955948293,4.090471745,35.15999985,225
365,NA,NA,NA,NA,NA,NA,NA,NA,0,1,1,0,0,0,0,NA,1117.722778,0.905485868,4.571622849,217.7200012,25
570,NA,NA,NA,NA,NA,NA,NA,NA,0,0,0,0,0,NA,NA,NA,1344.851685,0.969366193,3.769214392,23.92000008,10
634,NA,NA,NA,NA,NA,NA,NA,NA,0,0,0,0,0,0,NA,NA,2224.168701,0.985953093,4.101546764,2.160000086,26
565,NA,NA,NA,NA,NA,NA,NA,NA,0,0,0,0,0,0,NA,NA,2180.115234,0.999472082,4.101546764,0.280000001,10
631,NA,NA,NA,NA,NA,NA,NA,NA,0,0,0,1,0,0,0,NA,2451.973877,0.990705609,3.690141201,0,33
434,NA,NA,NA,NA,NA,NA,NA,NA,0,0,0,0,0,0,0,NA,1447.912476,0.948580265,4.29602766,32.79999924,29
433,NA,NA,NA,NA,NA,NA,NA,NA,0,0,0,0,0,0,0,NA,1301.759888,0.938000381,3.958396435,57.52000046,13
838,NA,NA,NA,NA,NA,NA,NA,NA,0,0,0,0,0,0,0,NA,3023.097656,0.946192563,3.957287312,0.280000001,14
154,NA,NA,NA,NA,NA,NA,NA,NA,0,0,0,0,0,0,0,0,1109.076782,0.810029149,1.838534474,52.63999939,14
153,NA,NA,NA,NA,NA,NA,NA,NA,0,0,0,0,0,0,NA,NA,1254.212524,NA,0.458765894,28.76000023,NA
290,NA,NA,NA,NA,NA,NA,NA,NA,0,0,0,0,0,0,0,0,1192.896484,0.981474757,3.570790052,18.15999985,54
287,NA,NA,NA,NA,NA,NA,NA,NA,0,0,0,0,0,0,NA,NA,1092.286377,0.988802612,4.276159763,12.27999973,20
285,NA,NA,NA,NA,NA,NA,NA,NA,0,0,0,0,0,0,0,NA,851.4521484,0.977686286,3.958860636,49,8
289,NA,NA,NA,NA,NA,NA,NA,NA,0,0,0,0,0,0,NA,NA,1407.913818,0.955642402,3.752803564,98.95999908,10
20,NA,NA,NA,NA,NA,NA,NA,NA,0,0,0,0,0,0,NA,NA,NA,NA,2.648454189,NA,NA
19,NA,NA,NA,NA,NA,NA,NA,NA,0,0,0,0,0,0,NA,NA,1048.963379,0.884041011,2.15019393,0.959999979,55
86,NA,NA,NA,NA,NA,NA,NA,NA,0,0,0,0,0,NA,NA,NA,1048.963379,0.884041011,4.142838001,0.959999979,55
358,NA,NA,NA,NA,NA,NA,NA,NA,0,0,0,0,0,0,NA,NA,2020.286377,0.987718999,3.979234457,2.200000048,13
556,NA,NA,NA,NA,NA,NA,NA,NA,0,0,0,0,0,NA,NA,NA,2174.685547,0.999192119,3.842529297,1.320000052,27
425,NA,NA,NA,NA,NA,NA,NA,NA,0,0,0,0,0,NA,NA,NA,2027.081543,0.990978539,4.378079414,10.07999992,94
694,NA,NA,NA,NA,NA,NA,NA,NA,0,0,0,0,0,NA,NA,NA,2711.002441,0.937382102,3.555695057,19.87999916,3
695,NA,NA,NA,NA,NA,NA,NA,NA,0,0,0,0,0,0,NA,NA,3141.15332,0.975960672,4.205411911,0.159999996,6
630,NA,NA,NA,NA,NA,NA,NA,NA,0,0,0,0,0,1,NA,NA,3175.44043,0.967338085,4.147768021,0.079999998,NA
360,NA,NA,NA,NA,NA,NA,NA,NA,0,0,0,0,0,0,0,0,1671.196777,0.98178494,4.560320377,10.35999966,94
292,NA,NA,NA,NA,NA,NA,NA,NA,0,0,0,0,2,0,NA,NA,1998.972412,0.998237252,4.025987148,0.839999974,35
557,NA,NA,NA,NA,NA,NA,NA,NA,0,0,0,NA,NA,NA,NA,NA,1852.676514,0.992235899,4.640116215,6.320000172,59
766,NA,NA,NA,NA,NA,NA,NA,NA,0,0,0,0,0,0,NA,NA,4023.016113,0.386944562,3.455011606,0.400000006,0
558,NA,NA,NA,NA,NA,NA,NA,NA,0,0,0,0,0,0,NA,NA,2552.013672,0.996306837,4.042884827,0.239999995,0
559,NA,NA,NA,NA,NA,NA,NA,NA,0,0,0,0,0,0,NA,NA,2481.075439,0.955082476,4.876745224,23.52000046,6
155,NA,NA,NA,NA,NA,NA,NA,NA,0,0,0,0,0,0,NA,NA,1402.961792,0.996860027,3.907725811,0.200000003,25
224,NA,NA,NA,NA,NA,NA,NA,NA,0,0,0,0,0,0,NA,NA,1504.302002,0.990306497,4.025987148,1.600000024,23
225,NA,NA,NA,NA,NA,NA,NA,NA,0,0,0,0,0,0,NA,NA,1105.4021,0.97348398,3.748133183,0.319999993,23
156,NA,NA,NA,NA,NA,NA,NA,NA,0,0,0,0,0,NA,NA,NA,868.055542,0.971931458,3.711803436,6.119999886,19
223,NA,NA,NA,NA,NA,NA,NA,NA,0,1,0,0,0,0,NA,NA,1402.961792,0.996860027,3.991963148,0.200000003,25
222,NA,NA,NA,NA,NA,NA,NA,NA,0,0,0,0,0,0,NA,NA,1164.126221,0.982463062,3.334941626,8.760000229,29
359,NA,NA,NA,NA,NA,NA,NA,NA,0,0,0,0,0,NA,NA,NA,3077.522217,0.95392406,4.181213379,0.239999995,25
1439,NA,NA,NA,NA,NA,NA,NA,NA,0,0,0,0,0,NA,NA,NA,3789.825928,0.628178298,3.418569326,0.800000012,6
1513,NA,NA,NA,NA,NA,NA,NA,NA,1,0,0,0,0,NA,NA,NA,4126.857422,NA,3.756304502,0.839999974,NA
1447,NA,NA,NA,NA,NA,NA,NA,NA,0,2,0,0,0,NA,NA,NA,3074.484131,0.978944361,4.378163338,0,5
1448,NA,NA,NA,NA,NA,NA,NA,NA,0,1,0,0,0,NA,NA,NA,2417.460693,0.997029901,4.343393326,1.080000043,0
1515,NA,NA,NA,NA,NA,NA,NA,NA,2,0,0,1,0,0,NA,NA,3320.474121,0.839050233,4.277832031,0.319999993,28
1583,NA,NA,NA,NA,NA,NA,NA,NA,0,0,0,0,0,NA,NA,NA,3320.474121,0.839050233,4.04371357,0.319999993,28
1651,NA,NA,NA,NA,NA,NA,NA,NA,0,0,0,0,0,NA,NA,NA,3328.369141,0.88404572,3.851533651,0.600000024,NA
1582,NA,NA,NA,NA,NA,NA,NA,NA,0,0,0,NA,NA,NA,NA,NA,3320.474121,0.839050233,4.04371357,0.319999993,28
1718,NA,NA,NA,NA,NA,NA,NA,NA,0,0,0,0,0,NA,NA,NA,3867.581543,0.753046453,4.52324152,0.039999999,NA
1855,NA,NA,NA,NA,NA,NA,NA,NA,0,0,0,0,0,NA,NA,NA,4017.058105,0.584567606,4.131503582,0.479999989,0
1788,NA,NA,NA,NA,NA,NA,NA,NA,0,0,0,NA,NA,NA,NA,NA,2664.041504,0.910307765,4.564050198,20.95999908,20
1857,NA,NA,NA,NA,NA,NA,NA,NA,1,1,1,1,0,NA,NA,NA,3366.144287,0.876492441,4.589485645,0.119999997,3
1925,NA,NA,NA,NA,NA,NA,NA,NA,0,2,0,0,NA,NA,NA,NA,3763.085449,0.70471257,3.142548561,0.360000014,0
1585,NA,NA,NA,NA,NA,NA,NA,NA,2,0,0,0,NA,NA,NA,NA,2411.549561,0.975351095,4.053732395,5.480000019,18
1653,NA,NA,NA,NA,NA,NA,NA,NA,0,0,0,0,0,NA,NA,NA,3422.397705,0.924887359,3.83759594,1.799999952,0
1786,NA,NA,NA,NA,NA,NA,NA,NA,0,0,0,0,0,NA,NA,NA,3702.51709,0.693424404,4.81626749,0.239999995,1
1587,NA,NA,NA,NA,NA,NA,NA,NA,0,0,0,0,0,NA,NA,NA,3133.415283,0.987570286,4.036775112,0.319999993,0
1588,NA,NA,NA,NA,NA,NA,NA,NA,0,0,0,0,0,NA,NA,NA,3706.30835,0.832540333,4.198370457,0.239999995,0
1655,NA,NA,NA,NA,NA,NA,NA,NA,0,0,0,0,0,NA,NA,NA,3706.30835,0.832540333,3.95753479,0.239999995,0
1522,NA,NA,NA,NA,NA,NA,NA,NA,0,0,0,0,0,NA,NA,NA,2742.599609,0.945106924,4.346912861,0.079999998,5
1591,NA,NA,NA,NA,NA,NA,NA,NA,0,0,0,0,0,NA,NA,NA,3685.874268,0.721091747,4.130026817,0.039999999,5
1727,NA,NA,NA,NA,NA,NA,NA,NA,0,0,0,0,0,NA,NA,NA,3567.112793,0.82167238,4.273307323,0.079999998,5
1658,NA,NA,NA,NA,NA,NA,NA,NA,0,0,0,0,0,NA,NA,NA,2948.610107,0.906568527,4.64738369,1.120000005,5
1793,NA,NA,NA,NA,NA,NA,NA,NA,0,0,0,0,0,NA,NA,NA,3338.764404,0.863428473,4.379908562,0.280000001,NA
1794,NA,NA,NA,NA,NA,NA,NA,NA,0,0,1,0,0,0,NA,NA,3861.414307,0.737848818,4.273307323,0.159999996,NA
753,NA,NA,NA,NA,NA,NA,NA,NA,0,0,0,0,0,NA,NA,NA,2677.535156,0.987541854,4.442601204,0.039999999,3
692,NA,NA,NA,NA,NA,NA,NA,NA,0,0,0,0,0,NA,NA,NA,2580.43457,0.999689758,3.721452713,0.079999998,12
823,NA,NA,NA,NA,NA,NA,NA,NA,0,0,0,0,0,0,0,0,3656.158203,0.722831845,3.920761108,1.919999957,34
825,NA,NA,NA,NA,NA,NA,NA,NA,0,0,0,0,0,0,0,0,2708.428467,0.990812957,4.298103809,0.119999997,6
687,NA,NA,NA,NA,NA,NA,NA,NA,0,0,0,NA,NA,NA,NA,NA,2577.222656,0.997831762,4.005159855,0.319999993,1
892,NA,NA,NA,NA,NA,NA,NA,NA,0,0,0,0,0,0,0,0,3194.432617,0.87209022,3.593085051,1.159999967,2
822,NA,NA,NA,NA,NA,NA,NA,NA,0,0,0,0,0,NA,NA,NA,2335.797119,0.98833549,4.295022488,0.920000017,0
890,NA,NA,NA,NA,NA,NA,NA,NA,0,0,0,0,NA,NA,NA,NA,2712.815186,0.959388971,3.718650579,4.039999962,2
821,NA,NA,NA,NA,NA,NA,NA,NA,0,0,0,0,0,NA,NA,NA,3665.630371,0.633096516,3.749697685,3,0
752,NA,NA,NA,NA,NA,NA,NA,NA,0,0,0,0,0,NA,NA,NA,3284.9729,0.74072206,3.891824722,2.880000114,3
617,NA,NA,NA,NA,NA,NA,NA,NA,0,0,0,0,0,0,0,0,2553.347656,0.988660872,3.950544596,0.400000006,12
619,NA,NA,NA,NA,NA,NA,NA,NA,0,0,0,0,0,NA,NA,NA,2358.634277,0.997069836,4.121562481,0.079999998,1
624,NA,NA,NA,NA,NA,NA,NA,NA,0,0,0,0,0,0,0,0,2695.188721,0.99968493,4.126078606,0.079999998,15
486,NA,NA,NA,NA,NA,NA,NA,NA,0,0,0,0,0,NA,NA,NA,895.5991211,0.886949182,5.417773247,170.8399963,3
552,NA,NA,NA,NA,NA,NA,NA,NA,0,0,0,0,0,0,0,0,1714.174805,0.976264656,3.590534449,8.079999924,75
621,NA,NA,NA,NA,NA,NA,NA,NA,0,0,0,0,0,0,0,0,1944.737793,0.996696532,3.740207911,1.519999981,18
686,NA,NA,NA,NA,NA,NA,NA,NA,0,0,0,0,0,0,0,0,2167.187012,0.995281875,3.96732688,2.440000057,10
712,NA,NA,NA,NA,NA,NA,NA,NA,0,0,NA,NA,NA,NA,NA,NA,3304.199219,0.95610106,3.514145374,0.119999997,NA
711,NA,NA,NA,NA,NA,NA,NA,NA,0,0,0,0,0,0,NA,NA,3036.963135,0.979969203,2.977513552,0.119999997,NA
778,NA,NA,NA,NA,NA,NA,NA,NA,0,0,0,0,NA,NA,NA,NA,2029.851074,0.997092724,3.52745533,0.079999998,11
708,NA,NA,NA,NA,NA,NA,NA,NA,0,0,0,0,0,0,NA,NA,2084.702148,0.999673784,3.265409946,0.200000003,3
775,NA,NA,NA,NA,NA,NA,NA,NA,0,0,0,2,0,NA,NA,NA,1659.147217,0.997770429,4.491555691,0.079999998,57
983,NA,NA,NA,NA,NA,NA,NA,NA,0,0,NA,NA,NA,NA,NA,NA,3808.325684,0.807315767,3.80610466,0.239999995,NA
919,NA,NA,NA,NA,NA,NA,NA,NA,0,0,NA,NA,NA,NA,NA,NA,2283.612305,0.982230902,3.717247486,0.079999998,NA
914,NA,NA,NA,NA,NA,NA,NA,NA,0,0,0,NA,NA,NA,NA,NA,2273.51709,0.998143852,3.875452995,0.039999999,28
648,NA,NA,NA,NA,NA,NA,NA,NA,1,0,0,0,0,NA,NA,NA,1684.820679,0.999948025,3.056258917,0,89
582,NA,NA,NA,NA,NA,NA,NA,NA,0,0,0,0,0,0,0,0,2064.303955,0.997976661,3.188351631,1.039999962,8
779,NA,NA,NA,NA,NA,NA,NA,NA,0,NA,NA,NA,NA,NA,NA,NA,2752.992188,0.989516258,3.220625162,0.200000003,NA
578,NA,NA,NA,NA,NA,NA,NA,NA,0,0,0,0,NA,NA,NA,NA,1656.791138,0.985656321,3.299651623,4.71999979,NA
915,NA,NA,NA,NA,NA,NA,NA,NA,2,0,1,0,1,0,0,NA,2506.199951,0.983483315,3.850268602,0.239999995,8
850,NA,NA,NA,NA,NA,NA,NA,NA,0,0,0,0,0,0,NA,NA,2827.524414,0.975578368,3.707615137,0.360000014,NA
986,NA,NA,NA,NA,NA,NA,NA,NA,0,0,0,0,0,NA,NA,NA,2701.396973,0.964333534,3.40370965,0.159999996,NA
848,NA,NA,NA,NA,NA,NA,NA,NA,0,0,0,0,0,0,NA,NA,3051.741455,0.928092837,3.587499142,0.239999995,NA
1054,NA,NA,NA,NA,NA,NA,NA,NA,0,0,0,0,0,NA,NA,NA,3062.16333,0.948061645,3.981218338,0.039999999,NA
717,NA,NA,NA,NA,NA,NA,NA,NA,0,0,0,0,0,0,0,0,1632.300171,0.999862969,3.664945364,0,21
781,NA,NA,NA,NA,NA,NA,NA,NA,0,0,0,0,0,0,NA,NA,3630.58374,0.655047417,4.047191143,0.280000001,NA
339,NA,NA,NA,NA,NA,NA,NA,NA,0,0,0,0,0,0,NA,NA,486.7415771,0.890006721,3.782649994,25.07999992,8
337,NA,NA,NA,NA,NA,NA,NA,NA,0,0,0,0,0,0,NA,NA,427.7666016,NA,1.811629891,0,NA
407,NA,NA,NA,NA,NA,NA,NA,NA,0,0,0,0,0,0,NA,NA,486.7415771,0.890006721,3.174783945,25.07999992,8
475,NA,NA,NA,NA,NA,NA,NA,NA,0,0,0,0,0,0,NA,NA,928.6282349,0.918181539,3.174783945,0.680000007,2
404,NA,NA,NA,NA,NA,NA,NA,NA,0,0,0,0,2,0,NA,NA,774.906189,0.906378388,3.607265472,0.280000001,2
269,NA,NA,NA,NA,NA,NA,NA,NA,0,2,2,0,0,0,NA,NA,382.4610596,0.89195627,2.778393269,3.039999962,4
336,NA,NA,NA,NA,NA,NA,NA,NA,0,0,0,0,0,0,NA,NA,774.906189,0.906378388,2.375971079,0.280000001,2
542,NA,NA,NA,NA,NA,NA,NA,NA,0,0,0,0,0,NA,NA,NA,1331.578003,0.939705372,3.611200094,30.12000084,20
610,NA,NA,NA,NA,NA,NA,NA,NA,0,0,0,0,NA,NA,NA,NA,2277.994141,NA,3.611200094,1.320000052,NA
608,NA,NA,NA,NA,NA,NA,NA,NA,0,0,2,2,2,0,NA,NA,1851.624146,0.978962839,3.703279734,2.960000038,5
744,NA,NA,NA,NA,NA,NA,NA,NA,0,2,0,NA,NA,NA,NA,NA,1973.812622,0.886105895,3.662429094,2.880000114,10
880,NA,NA,NA,NA,NA,NA,NA,NA,0,0,0,NA,NA,NA,NA,NA,3534.201904,0.631951153,3.903110266,0.400000006,0
606,NA,NA,NA,NA,NA,NA,NA,NA,0,0,0,NA,NA,NA,NA,NA,2616.340332,0.983918667,3.542753458,0.079999998,0
403,NA,NA,NA,NA,NA,NA,NA,NA,0,NA,NA,NA,NA,NA,NA,NA,564.5029297,NA,0.944769025,0.200000003,NA
265,NA,NA,NA,NA,NA,NA,NA,NA,0,0,0,NA,NA,NA,NA,NA,308.7519836,NA,2.698274374,12.43999958,46
399,NA,NA,NA,NA,NA,NA,NA,NA,0,0,0,0,0,0,NA,NA,867.4832153,0.844643533,4.375627995,56.47999954,13
470,NA,NA,NA,NA,NA,NA,NA,NA,0,0,0,0,0,0,NA,NA,1277.405518,0.99539721,3.521947145,0,2
537,NA,NA,NA,NA,NA,NA,NA,NA,0,0,0,NA,NA,NA,NA,NA,2196.47998,0.983513951,3.649993658,0,54
604,NA,NA,NA,NA,NA,NA,NA,NA,0,0,0,0,0,NA,NA,NA,2712.062256,0.959401369,3.563175917,0.079999998,13
603,NA,NA,NA,NA,NA,NA,NA,NA,0,0,NA,NA,NA,NA,NA,NA,2636.053711,0.943368316,3.835963726,0.039999999,13
467,NA,NA,NA,NA,NA,NA,NA,NA,0,0,0,0,0,0,0,NA,1485.226685,0.962406397,3.552742481,2.640000105,19
330,NA,NA,NA,NA,NA,NA,NA,NA,0,0,0,2,0,0,0,NA,1035.620483,0.987110376,3.885246754,8.920000076,116
1006,NA,NA,NA,NA,NA,NA,NA,NA,0,0,0,0,0,2,2,0,2084.781006,0.730119944,4.028826237,84.55999756,71
937,NA,NA,NA,NA,NA,NA,NA,NA,0,0,0,0,0,0,0,0,1223.897461,0.618356824,3.709122658,40.95999908,29
936,NA,NA,NA,NA,NA,NA,NA,NA,2,0,0,0,0,0,0,0,1909.533325,0.859460652,3.973423243,61.20000076,NA
868,NA,NA,NA,NA,NA,NA,NA,NA,0,0,0,0,0,NA,NA,NA,2080.224854,0.904716969,3.622725487,27.12000084,NA
733,NA,NA,NA,NA,NA,NA,NA,NA,2,0,0,0,0,2,NA,NA,1102.107788,0.799377859,4.10599947,7.519999981,NA
732,NA,NA,NA,NA,NA,NA,NA,NA,2,0,2,0,0,0,NA,NA,1360.151123,0.862671971,4.316436291,3.920000076,NA
866,NA,NA,NA,NA,NA,NA,NA,NA,0,0,0,0,0,0,NA,NA,1691.735962,0.834700346,4.208303452,62.63999939,19
664,NA,NA,NA,NA,NA,NA,NA,NA,0,0,2,0,0,0,NA,NA,836.8728638,0.848953426,4.344552994,21,NA
595,NA,NA,NA,NA,NA,NA,NA,NA,0,2,0,0,2,NA,NA,NA,764.8920288,0.913729489,4.428915977,7.28000021,12
594,NA,NA,NA,NA,NA,NA,NA,NA,0,0,0,0,0,0,0,0,886.4591064,0.906044483,3.577237129,14.92000008,9
662,NA,NA,NA,NA,NA,NA,NA,NA,0,0,2,0,0,NA,NA,NA,1110.466919,0.862819731,3.577237129,13.07999992,0
1005,NA,NA,NA,NA,NA,NA,NA,NA,0,0,0,2,0,2,0,2,1707.025757,0.768658578,4.264101505,46,11
1003,NA,NA,NA,NA,NA,NA,NA,NA,0,2,0,0,2,0,0,2,2182.478516,0.984586418,3.900409222,4.320000172,14
938,NA,NA,NA,NA,NA,NA,NA,NA,0,0,0,0,0,0,0,0,1059.34314,0.473197252,4.150781631,32.63999939,35
590,NA,NA,NA,NA,NA,NA,NA,NA,0,2,2,0,0,2,0,2,1646.653076,0.964192986,4.392501354,7.639999866,77
730,NA,NA,NA,NA,NA,NA,NA,NA,0,0,0,0,2,0,0,0,988.6220703,0.726947129,3.711068153,2.640000105,0
933,NA,NA,NA,NA,NA,NA,NA,NA,0,2,0,0,2,0,NA,NA,1156.634521,0.902347207,4.442269325,6.199999809,0
932,NA,NA,NA,NA,NA,NA,NA,NA,0,NA,NA,NA,NA,NA,NA,NA,1990.664307,0.994163871,3.933611631,1,0
525,NA,NA,NA,NA,NA,NA,NA,NA,0,0,0,0,0,NA,NA,NA,912.2860718,0.959221601,3.550839901,12,18
524,NA,NA,NA,NA,NA,NA,NA,NA,0,0,0,0,0,NA,NA,NA,1238.302856,0.987194777,3.672606468,2.400000095,5
659,NA,NA,NA,NA,NA,NA,NA,NA,0,0,0,0,0,NA,NA,NA,2252.315674,0.978517056,3.710798264,1.320000052,7
867,NA,NA,NA,NA,NA,NA,NA,NA,2,2,0,2,2,0,NA,NA,2275.534668,0.91192776,3.896172523,35.52000046,9
1002,NA,NA,NA,NA,NA,NA,NA,NA,0,0,0,0,0,0,NA,NA,1820.122559,0.818558037,4.245100498,47.72000122,0
794,NA,NA,NA,NA,NA,NA,NA,NA,0,2,0,0,NA,NA,NA,NA,2373.882324,0.974908412,3.917026281,2.440000057,3
726,NA,NA,NA,NA,NA,NA,NA,NA,0,0,0,0,0,NA,NA,NA,3033.334717,0.950911939,3.467485666,0.479999989,2
862,NA,NA,NA,NA,NA,NA,NA,NA,0,0,0,0,0,0,NA,NA,2824.96167,0.946534157,3.841029167,0.439999998,37
1139,NA,NA,NA,NA,NA,NA,NA,NA,0,0,0,0,0,0,0,0,3002.04248,0.985809326,4.158005238,0.079999998,0
1272,NA,NA,NA,NA,NA,NA,NA,NA,0,0,0,2,2,0,0,0,1663.694946,0.654882491,4.353147507,14.76000023,0
1341,NA,NA,NA,NA,NA,NA,NA,NA,0,0,0,0,0,0,NA,NA,1724.02832,0.771735668,5.003435135,9.359999657,9
1408,NA,NA,NA,NA,NA,NA,NA,NA,0,0,0,0,0,0,0,NA,2607.730225,0.881622732,3.823034525,10.31999969,7
1546,NA,NA,NA,NA,NA,NA,NA,NA,0,0,0,0,0,0,NA,NA,1997.680298,0.878542721,3.38168788,38.31999969,0
1680,NA,NA,NA,NA,NA,NA,NA,NA,0,0,0,0,0,0,NA,NA,2814.12793,0.792297721,4.142365456,6.360000134,2
1543,NA,NA,NA,NA,NA,NA,NA,NA,0,0,0,0,2,0,NA,NA,2411.525146,0.977313936,3.510767937,0.119999997,0
1166,NA,NA,NA,NA,NA,NA,NA,NA,0,0,0,0,0,NA,NA,NA,3648.063477,0.732746422,3.666228294,0.360000014,1
1234,NA,NA,NA,NA,NA,NA,NA,NA,0,0,0,0,0,0,0,0,3927.068359,0.463076651,3.748008728,0.400000006,0
1029,NA,NA,NA,NA,NA,NA,NA,NA,0,0,0,0,0,0,NA,NA,4198.222168,0.188862994,3.732459307,5.039999962,1
961,NA,NA,NA,NA,NA,NA,NA,NA,2,0,NA,NA,NA,NA,NA,NA,4096.788574,0.358047426,3.732459307,2.200000048,NA
460,NA,NA,NA,NA,NA,NA,NA,NA,0,0,0,0,0,0,NA,NA,1508.71167,0.947061658,3.577444315,48,NA
459,NA,NA,NA,NA,NA,NA,NA,NA,2,2,2,2,2,NA,NA,NA,1272.729004,0.991000056,3.028484344,6.119999886,NA
325,NA,NA,NA,NA,NA,NA,NA,NA,2,0,0,0,0,0,NA,NA,830.3432617,0.988846183,3.45659852,1.679999948,13
393,NA,NA,NA,NA,NA,NA,NA,NA,0,0,0,0,0,0,NA,NA,1326.810791,0.987151146,3.66686511,0.079999998,13
189,NA,NA,NA,NA,NA,NA,NA,NA,2,2,0,0,NA,NA,NA,NA,478.5072632,NA,2.309651852,0.479999989,NA
255,NA,NA,NA,NA,NA,NA,NA,NA,2,0,0,0,0,0,NA,NA,1030.535645,0.99406451,3.191272259,10.72000027,27
323,NA,NA,NA,NA,NA,NA,NA,NA,0,0,0,0,0,0,0,NA,1083.147949,0.993386686,3.191272259,7.199999809,7
392,NA,NA,NA,NA,NA,NA,NA,NA,0,0,0,0,0,0,NA,NA,1341.567993,0.967399061,3.459499359,36.75999832,NA
254,NA,NA,NA,NA,NA,NA,NA,NA,1,0,0,0,0,NA,NA,NA,605.663208,0.947646022,3.660513878,70.83999634,11
458,NA,NA,NA,NA,NA,NA,NA,NA,0,0,0,0,0,NA,NA,NA,911.7618408,0.965798616,3.494885921,15.68000031,NA
461,NA,NA,NA,NA,NA,NA,NA,NA,0,0,0,0,0,NA,NA,NA,1493.789551,0.961511195,4.009836674,44.59999847,3
526,NA,NA,NA,NA,NA,NA,NA,NA,2,0,0,2,0,0,0,NA,908.4143677,0.92588228,3.51338625,14,NA
665,NA,NA,NA,NA,NA,NA,NA,NA,0,0,0,0,0,0,0,0,872.5093384,0.926975965,3.730111122,4.239999771,1
1060,NA,NA,NA,NA,NA,NA,NA,NA,0,0,0,0,0,0,0,NA,4104.810059,0.495768875,3.256523848,0.079999998,0
1061,NA,NA,NA,NA,NA,NA,NA,NA,0,0,1,0,0,0,0,0,4137.915039,0.316182494,3.674427748,0.079999998,0
993,NA,NA,NA,NA,NA,NA,NA,NA,0,0,1,1,NA,NA,NA,NA,3730.395996,0.852083445,3.360831976,0.039999999,1
994,NA,NA,NA,NA,NA,NA,NA,NA,0,0,0,0,NA,NA,NA,NA,3809.367188,0.610076785,3.595836401,0,18
1132,NA,NA,NA,NA,NA,NA,NA,NA,0,0,0,0,NA,NA,NA,NA,3695.792969,0.886680245,3.638869524,0.479999989,0
1133,NA,NA,NA,NA,NA,NA,NA,NA,2,0,0,0,0,NA,NA,NA,3706.211914,0.964137256,3.764947176,0.239999995,0
1201,NA,NA,NA,NA,NA,NA,NA,NA,0,0,0,NA,NA,NA,NA,NA,3706.211914,0.964137256,3.764947176,0.239999995,0
927,NA,NA,NA,NA,NA,NA,NA,NA,1,0,NA,NA,NA,NA,NA,NA,3041.074951,0.920303166,3.682041407,0.239999995,3
1064,NA,NA,NA,NA,NA,NA,NA,NA,0,0,0,1,NA,NA,NA,NA,3301.767822,0.961024761,3.629094124,0.079999998,3
1135,NA,NA,NA,NA,NA,NA,NA,NA,0,0,0,NA,NA,NA,NA,NA,2155.205322,0.98534292,4.666404724,0.200000003,0
1134,NA,NA,NA,NA,NA,NA,NA,NA,0,0,0,0,0,NA,NA,NA,2677.106445,0.978715122,3.725034475,0.200000003,0
1202,NA,NA,NA,NA,NA,NA,NA,NA,0,0,0,0,0,NA,NA,NA,2874.526611,0.961828411,3.725034475,0.039999999,0
999,NA,NA,NA,NA,NA,NA,NA,NA,0,0,0,0,0,NA,NA,NA,2581.755127,0.982251406,4.009403229,0.639999986,0
931,NA,NA,NA,NA,NA,NA,NA,NA,0,0,NA,NA,NA,NA,NA,NA,1734.333252,0.991918683,4.435622215,0.479999989,0
1337,NA,NA,NA,NA,NA,NA,NA,NA,0,0,0,0,0,NA,NA,NA,3471.36084,0.936409235,3.317662477,0.439999998,0
1406,NA,NA,NA,NA,NA,NA,NA,NA,0,0,0,0,NA,NA,NA,NA,2953.28125,0.980690718,3.722069979,0,NA
1269,NA,NA,NA,NA,NA,NA,NA,NA,0,0,0,0,0,NA,NA,NA,2692.021484,0.964676082,3.429389238,0.239999995,0
92,NA,NA,NA,NA,NA,NA,NA,NA,0,2,0,2,2,0,NA,NA,402.2618408,0.989388108,3.500227213,0,56
24,NA,NA,NA,NA,NA,NA,NA,NA,0,0,0,0,0,0,0,NA,311.7417908,0.880522847,2.965206385,20.28000069,43
26,NA,NA,NA,NA,NA,NA,NA,NA,0,0,0,1,0,0,NA,NA,311.2685547,0.825026631,1.923648477,0.079999998,82
162,NA,NA,NA,NA,NA,NA,NA,NA,2,3,2,1,2,1,0,NA,756.8546143,0.99852556,3.356918335,0.079999998,31
185,NA,NA,NA,NA,NA,NA,NA,NA,0,0,0,0,2,0,0,0,701.2996826,0.975116432,2.500485659,12.35999966,NA
252,NA,NA,NA,NA,NA,NA,NA,NA,1,3,3,1,1,1,NA,NA,649.0213013,0.945433438,3.731175661,20.36000061,28
251,NA,NA,NA,NA,NA,NA,NA,NA,0,0,1,2,1,2,0,0,543.7404785,0.912695825,3.381942272,24.31999969,17
184,NA,NA,NA,NA,NA,NA,NA,NA,0,0,0,0,0,0,0,NA,649.0213013,0.945433438,2.644390106,20.36000061,28
111,NA,NA,NA,NA,NA,NA,NA,NA,0,0,0,0,0,0,NA,NA,344.278595,0.744627357,2.028752804,0.039999999,24
448,NA,NA,NA,NA,NA,NA,NA,NA,0,1,0,0,0,0,0,NA,1833.603271,0.999887526,3.598594189,0,17
447,NA,NA,NA,NA,NA,NA,NA,NA,2,2,2,2,0,0,0,NA,2292.524414,0.999226689,3.552582502,0,4
242,NA,NA,NA,NA,NA,NA,NA,NA,0,0,1,0,0,0,0,NA,819.3181152,0.991071463,2.90227437,0.039999999,31
312,NA,NA,NA,NA,NA,NA,NA,NA,0,0,0,0,0,0,NA,NA,1286.584473,0.996317863,3.854689121,0.119999997,55
379,NA,NA,NA,NA,NA,NA,NA,NA,0,0,0,0,0,0,0,0,1601.072632,0.99975884,3.038795233,0,38
175,NA,NA,NA,NA,NA,NA,NA,NA,0,1,0,0,2,3,NA,NA,531.4163208,0.805562496,2.146531105,0.119999997,37
245,NA,NA,NA,NA,NA,NA,NA,NA,1,2,1,1,1,1,NA,NA,893.8031006,0.995806336,3.66650629,0.079999998,15
313,NA,NA,NA,NA,NA,NA,NA,NA,3,1,1,NA,NA,NA,NA,NA,1605.104736,0.996789098,3.453735828,0,87
108,NA,NA,NA,NA,NA,NA,NA,NA,2,2,1,0,0,0,NA,NA,626.9716797,0.947210312,2.471477747,0.079999998,61
173,NA,NA,NA,NA,NA,NA,NA,NA,1,0,0,0,0,1,NA,NA,479.9339905,0.967392564,3.60308814,10.47999954,31
651,NA,NA,NA,NA,NA,NA,NA,NA,2,2,2,2,0,0,NA,NA,1254.39978,0.985622168,3.504828453,7.039999962,8
819,NA,NA,NA,NA,NA,NA,NA,NA,0,0,0,0,0,0,NA,NA,2709.485596,0.91267246,3.898735762,1.559999943,19
818,NA,NA,NA,NA,NA,NA,NA,NA,0,0,0,0,0,0,NA,NA,2546.684082,NA,3.246664524,0.600000024,NA
749,NA,NA,NA,NA,NA,NA,NA,NA,2,0,0,0,0,0,NA,NA,2315.416016,NA,0.785934508,0,NA
615,NA,NA,NA,NA,NA,NA,NA,NA,0,0,0,0,0,0,0,NA,1645.883057,0.988172948,4.545418739,72.87999725,9
482,NA,NA,NA,NA,NA,NA,NA,NA,0,0,0,0,0,0,NA,NA,2883.88623,0.952229142,3.683586121,0.800000012,1
488,NA,NA,NA,NA,NA,NA,NA,NA,0,0,0,0,0,0,0,NA,2589.723145,0.999285161,3.977935076,0.079999998,1
487,NA,NA,NA,NA,NA,NA,NA,NA,0,0,0,NA,NA,NA,NA,NA,1954.560059,0.991900027,4.381957531,25.92000008,3
417,NA,NA,NA,NA,NA,NA,NA,NA,0,0,0,0,0,0,0,NA,1653.670044,0.986872375,4.423716068,33.04000092,7
484,NA,NA,NA,NA,NA,NA,NA,NA,0,0,0,0,0,0,NA,NA,2149.287842,0.997074366,4.514711857,9.680000305,0
281,NA,NA,NA,NA,NA,NA,NA,NA,0,0,0,0,0,0,0,NA,1182.261719,0.992805839,3.753778219,16.52000046,9
348,NA,NA,NA,NA,NA,NA,NA,NA,0,0,0,0,0,0,NA,NA,810.9401855,0.962780476,3.996451616,21.36000061,20
416,NA,NA,NA,NA,NA,NA,NA,NA,0,0,0,0,0,0,NA,NA,1738.444336,0.999450147,3.996451616,0.239999995,7
420,NA,NA,NA,NA,NA,NA,NA,NA,0,0,0,0,0,0,NA,NA,2087.95166,0.995588005,4.096371651,8.800000191,71
616,NA,NA,NA,NA,NA,NA,NA,NA,0,0,0,0,0,0,NA,NA,2129.971191,0.998495579,4.06171751,1.440000057,3
614,NA,NA,NA,NA,NA,NA,NA,NA,0,0,0,0,0,0,NA,NA,1490.931885,NA,3.111891747,7.71999979,NA
415,NA,NA,NA,NA,NA,NA,NA,NA,0,0,0,0,0,0,NA,NA,1049.504517,0.963957369,4.084743023,14.72000027,24
352,NA,NA,NA,NA,NA,NA,NA,NA,0,2,2,0,2,0,2,NA,1270.838745,0.997018874,4.056052208,6.599999905,14
214,NA,NA,NA,NA,NA,NA,NA,NA,0,0,0,0,0,0,NA,NA,1205.041992,0.985453665,3.233333826,47.08000183,8
212,NA,NA,NA,NA,NA,NA,NA,NA,0,0,0,0,0,0,NA,NA,632.9380493,0.885712624,3.582180262,120.4000015,NA
682,NA,NA,NA,NA,NA,NA,NA,NA,0,0,0,0,NA,NA,NA,NA,1711.943604,0.954651713,3.111891747,73.08000183,33
548,NA,NA,NA,NA,NA,NA,NA,NA,0,2,0,0,0,0,0,NA,1137.479736,0.981113672,3.707006216,91.23999786,23
353,NA,NA,NA,NA,NA,NA,NA,NA,0,0,0,0,0,2,0,NA,913.9629517,0.972471356,3.257151365,24.04000092,28
213,NA,NA,NA,NA,NA,NA,NA,NA,0,0,0,0,2,2,NA,NA,659.6040649,0.846958041,2.571674824,43.84000015,8
442,NA,NA,NA,NA,NA,NA,NA,NA,0,0,0,NA,NA,NA,NA,NA,1137.453979,0.943996429,3.635704994,7.28000021,43
439,NA,NA,NA,NA,NA,NA,NA,NA,2,0,2,0,0,2,NA,NA,1890.096558,0.993237436,3.724146128,4.519999981,27
372,NA,NA,NA,NA,NA,NA,NA,NA,2,2,0,0,0,NA,NA,NA,1016.583923,0.992811263,3.245430946,1.600000024,28
303,NA,NA,NA,NA,NA,NA,NA,NA,0,0,0,0,2,2,0,0,478.1755676,0.783652067,3.28601861,63.75999832,95
445,NA,NA,NA,NA,NA,NA,NA,NA,0,0,0,0,0,NA,NA,NA,1508.152222,0.995114744,3.321954727,1.960000038,27
512,NA,NA,NA,NA,NA,NA,NA,NA,0,0,0,NA,NA,NA,NA,NA,1203.02832,0.946411192,3.271486521,22.68000031,14
326,NA,NA,NA,NA,NA,NA,NA,NA,0,0,0,0,0,0,0,NA,785.6987305,0.995179534,3.793305397,1.200000048,25
533,NA,NA,NA,NA,NA,NA,NA,NA,0,0,0,NA,NA,NA,NA,NA,1622.618896,0.852267921,3.741617441,58.36000061,3
192,NA,NA,NA,NA,NA,NA,NA,NA,0,0,0,0,0,0,0,NA,177.085083,NA,3.575393915,21.52000046,NA
260,NA,NA,NA,NA,NA,NA,NA,NA,0,0,0,0,0,0,0,NA,375.8578186,0.981650174,3.83396697,0.360000014,1
395,NA,NA,NA,NA,NA,NA,NA,NA,0,0,0,0,0,NA,NA,NA,1192.944824,0.963481367,3.449285507,32.40000153,16
394,NA,NA,NA,NA,NA,NA,NA,NA,0,0,0,0,0,0,0,0,1387.682251,0.988829494,3.793305397,1.200000048,63
190,NA,NA,NA,NA,NA,NA,NA,NA,0,0,0,0,0,NA,NA,NA,428.4371338,NA,1.913247824,13.11999989,NA
463,NA,NA,NA,NA,NA,NA,NA,NA,0,0,0,0,0,0,NA,NA,1874.022095,0.986272216,3.312716246,1.960000038,1
191,NA,NA,NA,NA,NA,NA,NA,NA,0,0,0,0,0,0,NA,NA,191.3424835,NA,3.680860996,60,NA
945,NA,NA,NA,NA,NA,NA,NA,NA,0,0,0,0,2,0,0,0,3501.826416,0.758060575,3.801646709,73.91999817,0
876,NA,NA,NA,NA,NA,NA,NA,NA,0,NA,NA,NA,NA,NA,NA,NA,3812.942871,0.684531391,3.540740013,1.120000005,0
877,NA,NA,NA,NA,NA,NA,NA,NA,0,0,0,0,0,0,NA,NA,3918.889893,0.512640834,3.73754406,0.800000012,0
1018,NA,NA,NA,NA,NA,NA,NA,NA,0,0,0,0,0,0,NA,NA,3800.942383,NA,2.121901512,1.200000048,NA
1220,NA,NA,NA,NA,NA,NA,NA,NA,0,0,0,0,0,0,0,NA,3795.942627,NA,2.866261721,1.440000057,NA
1221,NA,NA,NA,NA,NA,NA,NA,NA,0,0,0,0,0,0,NA,NA,4015.634033,NA,0.359753311,1.360000014,NA
1218,NA,NA,NA,NA,NA,NA,NA,NA,0,0,0,0,0,0,NA,NA,3510.325439,NA,0.568291187,0.639999986,NA
882,NA,NA,NA,NA,NA,NA,NA,NA,0,0,0,0,0,NA,NA,NA,3177.855225,NA,3.629883766,0.879999995,NA
1016,NA,NA,NA,NA,NA,NA,NA,NA,0,0,0,0,0,NA,NA,NA,4155.48877,0.25838846,3.601562023,2.079999924,0
950,NA,NA,NA,NA,NA,NA,NA,NA,0,0,0,0,0,0,NA,NA,3266.379639,NA,1.298561215,1.039999962,NA
878,NA,NA,NA,NA,NA,NA,NA,NA,0,0,0,0,0,0,0,0,2865.537842,0.702053964,4.646740437,0.400000006,2
1074,NA,NA,NA,NA,NA,NA,NA,NA,0,2,0,0,0,0,0,0,2640.227539,0.94921726,4.028826237,11.68000031,3
1142,NA,NA,NA,NA,NA,NA,NA,NA,0,0,0,2,0,NA,NA,NA,3061.020508,0.997249544,4.198889732,0.239999995,7
1346,NA,NA,NA,NA,NA,NA,NA,NA,0,0,0,0,0,NA,NA,NA,2174.416992,0.936636925,3.932633877,18.47999954,6
1417,NA,NA,NA,NA,NA,NA,NA,NA,0,0,0,0,0,0,0,0,3174.108398,NA,0.080280855,0.159999996,NA
1149,NA,NA,NA,NA,NA,NA,NA,NA,0,0,2,0,0,NA,NA,NA,2339.2229,0.92999953,4.179739952,29.92000008,6
808,NA,NA,NA,NA,NA,NA,NA,NA,0,2,2,0,NA,NA,NA,NA,2929.049316,0.928270519,3.644450426,0.159999996,6
600,NA,NA,NA,NA,NA,NA,NA,NA,2,0,0,0,0,0,0,NA,1612.71228,0.926401734,3.540739775,25.04000092,30
668,NA,NA,NA,NA,NA,NA,NA,NA,0,0,0,0,0,NA,NA,NA,1531.55542,0.916501403,3.767334223,22.63999939,5
601,NA,NA,NA,NA,NA,NA,NA,NA,0,0,0,0,0,0,NA,NA,1806.327637,0.921303749,3.698366642,20.23999977,10
667,NA,NA,NA,NA,NA,NA,NA,NA,0,0,0,0,0,0,0,NA,1549.640747,0.897326469,3.820059061,27.44000053,7
672,NA,NA,NA,NA,NA,NA,NA,NA,0,0,0,0,2,0,0,NA,2805.037598,0.908422291,3.952107906,1.799999952,42
673,NA,NA,NA,NA,NA,NA,NA,NA,0,0,0,0,NA,NA,NA,NA,3351.97583,0.894491017,3.602388859,0.439999998,2
801,NA,NA,NA,NA,NA,NA,NA,NA,0,0,0,0,NA,NA,NA,NA,1735.028809,0.968955159,3.264657736,6.119999886,24
803,NA,NA,NA,NA,NA,NA,NA,NA,0,0,0,0,0,0,0,NA,1939.021729,0.947335303,3.797049522,7.440000057,8
735,NA,NA,NA,NA,NA,NA,NA,NA,0,0,0,NA,NA,NA,NA,NA,2182.713867,0.948723257,4.009362221,17.84000015,25
736,NA,NA,NA,NA,NA,NA,NA,NA,0,0,0,0,0,0,NA,NA,2128.758789,0.83028239,3.282248974,22.52000046,50
741,NA,NA,NA,NA,NA,NA,NA,NA,0,0,0,0,NA,NA,NA,NA,2804.825928,0.871940851,3.774075031,0.360000014,8
739,NA,NA,NA,NA,NA,NA,NA,NA,0,0,0,0,0,0,0,0,2251.172852,0.829912484,3.633860588,10.84000015,24
802,NA,NA,NA,NA,NA,NA,NA,NA,0,0,0,0,0,0,0,0,1450.417236,0.769990265,3.611888885,57.68000031,22
670,NA,NA,NA,NA,NA,NA,NA,NA,0,0,0,0,NA,NA,NA,NA,1785.050415,0.857266366,3.865297318,33.08000183,31
807,NA,NA,NA,NA,NA,NA,NA,NA,2,0,2,0,NA,NA,NA,NA,2523.89502,0.923259914,3.965492964,0.400000006,4
873,NA,NA,NA,NA,NA,NA,NA,NA,0,0,NA,NA,NA,NA,NA,NA,2926.463867,0.931371093,4.069828033,6.159999847,6
943,NA,NA,NA,NA,NA,NA,NA,NA,0,2,0,0,2,0,0,NA,3267.01123,0.888869107,4.229043484,1.600000024,0
874,NA,NA,NA,NA,NA,NA,NA,NA,0,0,0,0,0,0,0,NA,2438.215576,0.893164039,4.429140091,7.920000076,3
941,NA,NA,NA,NA,NA,NA,NA,NA,0,0,0,0,NA,NA,NA,NA,2572.418457,0.915520549,3.818254709,11.60000038,65
875,NA,NA,NA,NA,NA,NA,NA,NA,0,0,0,0,0,0,NA,NA,3407.073242,0.863913715,3.614670277,0.159999996,0
1010,NA,NA,NA,NA,NA,NA,NA,NA,0,0,0,0,0,0,NA,NA,2012.023315,0.71821022,5.337112904,72.31999969,50
1009,NA,NA,NA,NA,NA,NA,NA,NA,0,0,0,0,0,0,NA,NA,1561.670532,0.804833531,3.659058571,68.23999786,19
1077,NA,NA,NA,NA,NA,NA,NA,NA,0,0,0,2,2,0,0,NA,1602.841309,0.732474923,3.620108843,127.7600021,5
871,NA,NA,NA,NA,NA,NA,NA,NA,0,0,0,0,NA,NA,NA,NA,1811.693726,0.834558547,3.720189571,51.75999832,12
1076,NA,NA,NA,NA,NA,NA,NA,NA,0,0,0,0,NA,NA,NA,NA,1241.650513,0.554810226,3.635258675,56.15999985,13
1081,NA,NA,NA,NA,NA,NA,NA,NA,0,0,2,0,0,NA,NA,NA,2356.902588,0.820583761,3.977282047,14.27999973,2
1041,NA,NA,NA,NA,NA,NA,NA,NA,0,0,0,0,0,NA,NA,NA,3031.566162,0.972687066,4.045948029,0.920000017,0
837,NA,NA,NA,NA,NA,NA,NA,NA,0,0,0,0,0,NA,NA,NA,3585.759277,0.747530043,3.972565889,1.399999976,1
905,NA,NA,NA,NA,NA,NA,NA,NA,0,0,0,0,0,NA,NA,NA,3078.147705,0.940897107,4.271947861,0.479999989,4
1037,NA,NA,NA,NA,NA,NA,NA,NA,1,0,0,0,0,NA,NA,NA,2950.372803,0.713083863,3.77366972,70.44000244,6
836,NA,NA,NA,NA,NA,NA,NA,NA,0,0,0,NA,NA,NA,NA,NA,4127.125,0.213915601,3.722319841,0.75999999,0
1038,NA,NA,NA,NA,NA,NA,NA,NA,0,0,0,NA,NA,NA,NA,NA,3223.206543,0.954418063,3.720589876,15.23999977,1
1175,NA,NA,NA,NA,NA,NA,NA,NA,0,0,0,0,0,0,0,NA,3052.541748,0.81379503,4.119688988,84.87999725,0
1242,NA,NA,NA,NA,NA,NA,NA,NA,0,0,0,0,0,NA,NA,NA,3029.105469,0.958539546,4.016690254,37.27999878,19
1035,NA,NA,NA,NA,NA,NA,NA,NA,0,0,0,0,0,0,0,0,3185.821533,0.856496871,3.972193956,12.96000004,2
968,NA,NA,NA,NA,NA,NA,NA,NA,0,0,0,0,0,0,0,0,2758.379639,0.400459945,3.903044224,12.47999954,5
1108,NA,NA,NA,NA,NA,NA,NA,NA,0,0,0,0,0,0,0,0,3071.15918,0.976867974,3.906715393,34.11999893,19
1105,NA,NA,NA,NA,NA,NA,NA,NA,0,0,0,0,0,NA,NA,NA,2735.093506,0.481065482,4.808787346,145.1199951,7
507,NA,NA,NA,NA,NA,NA,NA,NA,0,0,0,0,NA,NA,NA,NA,2048.969238,0.996824861,3.752821207,5.880000114,0
229,NA,NA,NA,NA,NA,NA,NA,NA,0,0,0,0,0,0,0,0,440.5607605,0.891723692,3.692566633,2.920000076,23
298,NA,NA,NA,NA,NA,NA,NA,NA,0,0,0,0,0,0,NA,NA,636.8099365,0.95024544,3.962346554,1.480000019,79
230,NA,NA,NA,NA,NA,NA,NA,NA,0,0,0,0,0,0,0,0,636.8099365,0.95024544,3.676867247,1.480000019,82
299,NA,NA,NA,NA,NA,NA,NA,NA,0,0,0,0,NA,NA,NA,NA,808.53302,0.990267158,3.457202911,0.039999999,14
438,NA,NA,NA,NA,NA,NA,NA,NA,0,0,0,0,NA,NA,NA,NA,1906.942993,0.995121121,4.025932789,3.079999924,2
642,NA,NA,NA,NA,NA,NA,NA,NA,0,0,0,0,0,0,0,NA,2665.612793,0.997981489,3.35022068,0.119999997,13
641,NA,NA,NA,NA,NA,NA,NA,NA,0,0,0,0,0,0,0,0,1562.672363,0.9976843,3.670790672,1.639999986,58
573,NA,NA,NA,NA,NA,NA,NA,NA,0,0,0,0,0,0,0,NA,1898.439453,0.997434974,2.939797163,0.400000006,0
643,NA,NA,NA,NA,NA,NA,NA,NA,0,0,0,0,0,0,NA,NA,2383.15625,0.999332964,3.235040903,0,5
640,NA,NA,NA,NA,NA,NA,NA,NA,0,0,0,0,0,NA,NA,NA,1154.792725,0.931889117,3.265409946,50.15999985,58
504,NA,NA,NA,NA,NA,NA,NA,NA,0,0,0,0,0,0,NA,NA,1403.213257,0.955597162,3.240139008,27.63999939,1
571,NA,NA,NA,NA,NA,NA,NA,NA,0,0,0,0,0,0,NA,NA,824.8522339,0.927900612,3.842915773,17.60000038,17
503,NA,NA,NA,NA,NA,NA,NA,NA,0,0,0,0,0,0,0,NA,1162.292847,0.845017254,4.125418663,144.3200073,57
435,NA,NA,NA,NA,NA,NA,NA,NA,0,0,0,0,0,0,0,NA,746.8963623,0.932272375,4.523737907,47.63999939,6
436,NA,NA,NA,NA,NA,NA,NA,NA,0,0,0,0,NA,NA,NA,NA,1546.561523,0.887014091,3.988031149,115.4000015,29
1679,NA,NA,NA,NA,NA,NA,NA,NA,0,0,0,NA,NA,NA,NA,NA,2814.12793,0.792297721,4.382479191,6.360000134,0
1748,NA,NA,NA,NA,NA,NA,NA,NA,0,2,0,2,0,0,NA,NA,2370.693359,0.92868793,3.594901085,8.079999924,0
1884,NA,NA,NA,NA,NA,NA,NA,NA,0,0,0,2,0,0,0,0,2836.642578,0.937497556,4.04275465,0.319999993,0
1883,NA,NA,NA,NA,NA,NA,NA,NA,0,0,0,0,0,0,NA,NA,3012.585449,0.960861564,4.773996353,0.079999998,0
1540,NA,NA,NA,NA,NA,NA,NA,NA,0,0,0,0,0,NA,NA,NA,3863.140381,0.79539597,3.545049667,0.600000024,27
1539,NA,NA,NA,NA,NA,NA,NA,NA,0,0,0,0,0,NA,NA,NA,4101.543945,0.46914348,3.545049667,0.079999998,0
1473,NA,NA,NA,NA,NA,NA,NA,NA,0,0,0,0,0,NA,NA,NA,3885.919922,0.836168647,3.772503376,0.039999999,2
1472,NA,NA,NA,NA,NA,NA,NA,NA,0,1,0,NA,NA,NA,NA,NA,3863.140381,0.79539597,3.570056677,0.600000024,27
1607,NA,NA,NA,NA,NA,NA,NA,NA,0,NA,NA,NA,NA,NA,NA,NA,4359.583496,NA,3.591183901,0.079999998,NA
1610,NA,NA,NA,NA,NA,NA,NA,NA,0,0,0,0,0,NA,NA,NA,2533.52417,0.991328299,3.716981888,0.039999999,6
1746,NA,NA,NA,NA,NA,NA,NA,NA,0,NA,NA,NA,NA,NA,NA,NA,2052.7854,0.88818723,4.474576473,23.92000008,21
1815,NA,NA,NA,NA,NA,NA,NA,NA,0,0,0,0,0,0,NA,NA,2698.257324,0.938331068,4.100790977,3.720000029,5
1467,NA,NA,NA,NA,NA,NA,NA,NA,0,NA,NA,NA,NA,NA,NA,NA,3044.678467,0.785695672,4.354065418,32.36000061,130
1535,NA,NA,NA,NA,NA,NA,NA,NA,0,0,0,0,0,0,NA,NA,3787.022217,0.831547856,4.510474205,0.600000024,89
1605,NA,NA,NA,NA,NA,NA,NA,NA,0,NA,NA,NA,NA,NA,NA,NA,4172.188477,0.542068362,3.404054165,0.639999986,19
1256,NA,NA,NA,NA,NA,NA,NA,NA,0,0,0,0,0,0,0,0,3008.111084,0.821861684,3.661736965,9.880000114,8
638,NA,NA,NA,NA,NA,NA,NA,NA,0,0,0,0,0,0,NA,NA,1519.173218,0.973144948,3.511380196,3.75999999,1
1244,NA,NA,NA,NA,NA,NA,NA,NA,0,0,0,0,0,0,0,0,3141.408447,0.975019872,3.916319609,3.039999962,2
1178,NA,NA,NA,NA,NA,NA,NA,NA,0,2,0,0,0,0,0,0,2447.496338,0.959004104,4.267251968,15.76000023,3
1449,NA,NA,NA,NA,NA,NA,NA,NA,0,0,0,2,0,0,0,0,1990.681396,0.930004179,4.36946106,20.95999908,0
1450,NA,NA,NA,NA,NA,NA,NA,NA,0,0,0,0,0,0,0,0,2295.254883,0.972702563,4.403623104,4.400000095,5
980,NA,NA,NA,NA,NA,NA,NA,NA,2,2,0,0,0,0,NA,NA,3161.116699,0.990538299,3.820476055,0.479999989,1
1116,NA,NA,NA,NA,NA,NA,NA,NA,0,0,0,0,0,NA,NA,NA,3375.618164,0.838593662,4.273049831,7.519999981,15
976,NA,NA,NA,NA,NA,NA,NA,NA,0,0,0,0,0,0,0,0,2038.196655,0.933671355,4.730207443,10.60000038,0
909,NA,NA,NA,NA,NA,NA,NA,NA,0,0,0,0,0,0,NA,NA,2283.634521,0.984371126,4.118908882,2.920000076,0
1390,NA,NA,NA,NA,NA,NA,NA,NA,0,0,0,NA,NA,NA,NA,NA,3308.440674,0.81333822,3.681199312,3,4
1255,NA,NA,NA,NA,NA,NA,NA,NA,0,0,0,0,0,0,0,0,3235.670654,0.743379951,3.682110786,8.600000381,16
1245,NA,NA,NA,NA,NA,NA,NA,NA,0,0,1,1,1,0,0,NA,2471.894287,0.977970183,3.918492556,5.320000172,4
523,NA,NA,NA,NA,NA,NA,NA,NA,2,0,2,2,0,0,NA,NA,1575.006714,0.98458463,3.137238741,2.920000076,42
522,NA,NA,NA,NA,NA,NA,NA,NA,0,1,0,2,0,0,NA,NA,1943.731812,0.997903645,3.875139713,0.119999997,30
787,NA,NA,NA,NA,NA,NA,NA,NA,0,1,1,1,1,1,1,NA,1729.378784,0.97245574,3.281320333,23.36000061,86
925,NA,NA,NA,NA,NA,NA,NA,NA,3,2,1,1,1,0,NA,NA,2951.047119,0.97396493,3.449425459,0.039999999,13
859,NA,NA,NA,NA,NA,NA,NA,NA,0,1,1,0,0,0,NA,NA,2922.96582,0.965537965,3.745610952,0,1
719,NA,NA,NA,NA,NA,NA,NA,NA,0,0,0,0,0,0,0,NA,904.6260376,0.932130396,3.573691607,26.36000061,28
585,NA,NA,NA,NA,NA,NA,NA,NA,0,3,1,0,0,0,NA,NA,1004.131104,0.975388408,4.545151711,0.720000029,7
722,NA,NA,NA,NA,NA,NA,NA,NA,0,2,0,0,0,0,NA,NA,2640.306885,0.98344779,3.698308229,0.079999998,0
320,NA,NA,NA,NA,NA,NA,NA,NA,2,0,0,0,0,2,NA,NA,686.4801025,0.978036523,3.216612101,3.960000038,4
455,NA,NA,NA,NA,NA,NA,NA,NA,2,0,0,0,0,2,NA,NA,948.2518311,0.984947026,3.402836561,5.679999828,11
453,NA,NA,NA,NA,NA,NA,NA,NA,0,0,2,0,0,0,NA,NA,1678.471069,0.996963263,3.485093355,0,20
